timestamp,window_id,chosen_compressor,compression_level,transmit_or_defer,composite_score,entropy,variance,predicted_cpu_temp,predicted_cpu_load,predicted_bw_kbps,throttling_risk,w1_ratio,w2_energy,w3_latency,w4_error
1788267827.239,1,none,0,transmit,0.0066,0.0,0.0,37.6,30.8,1000.0,True,0.1481,0.4815,0.2963,0.0741
1788267833.191,2,none,0,transmit,0.0066,0.0,0.0,37.85,19.35,1000.0,True,0.1481,0.4815,0.2963,0.0741
1788267839.062,3,none,0,transmit,0.0066,0.0,0.0,37.68,15.71,1000.0,True,0.1481,0.4815,0.2963,0.0741
1788267844.976,4,delta_zlib,6,transmit,0.2772,0.0,0.0,37.91,13.26,1000.0,False,0.4545,0.2727,0.1818,0.0909
1788267850.903,5,none,0,transmit,0.0066,0.0,0.0,38.22,11.23,1000.0,True,0.1481,0.4815,0.2963,0.0741
1788268731.015,999,zstd,3,transmit,0.076,1.2,0.05,42.0,25.0,1000.0,False,0.4,0.3,0.2,0.1
1788268735.705,999,zstd,3,transmit,0.076,1.2,0.05,42.0,25.0,1000.0,False,0.4,0.3,0.2,0.1
1788268738.039,999,zstd,3,transmit,0.076,1.2,0.05,42.0,25.0,1000.0,False,0.4,0.3,0.2,0.1
1788268740.387,999,zstd,3,transmit,0.076,1.2,0.05,42.0,25.0,1000.0,False,0.4,0.3,0.2,0.1
1788268742.768,999,zstd,3,transmit,0.076,1.2,0.05,42.0,25.0,1000.0,False,0.4,0.3,0.2,0.1
1788268745.145,999,zstd,3,transmit,0.076,1.2,0.05,42.0,25.0,1000.0,False,0.4,0.3,0.2,0.1
1788268747.553,999,zstd,3,transmit,0.076,1.2,0.05,42.0,25.0,1000.0,False,0.4,0.3,0.2,0.1
1788268749.931,999,zstd,3,transmit,0.076,1.2,0.05,42.0,25.0,1000.0,False,0.4,0.3,0.2,0.1
1788268752.291,999,zstd,3,transmit,0.076,1.2,0.05,42.0,25.0,1000.0,False,0.4,0.3,0.2,0.1
1788268754.58,999,zstd,3,transmit,0.076,1.2,0.05,42.0,25.0,1000.0,False,0.4,0.3,0.2,0.1
1788268756.886,999,zstd,3,transmit,0.076,1.2,0.05,42.0,25.0,1000.0,False,0.4,0.3,0.2,0.1
1788268759.217,999,zstd,3,transmit,0.076,1.2,0.05,42.0,25.0,1000.0,False,0.4,0.3,0.2,0.1
1788268761.505,999,zstd,3,transmit,0.076,1.2,0.05,42.0,25.0,1000.0,False,0.4,0.3,0.2,0.1
1788268763.818,999,zstd,3,transmit,0.076,1.2,0.05,42.0,25.0,1000.0,False,0.4,0.3,0.2,0.1
1788268766.122,999,zstd,3,transmit,0.076,1.2,0.05,42.0,25.0,1000.0,False,0.4,0.3,0.2,0.1
1788268768.413,999,zstd,3,transmit,0.076,1.2,0.05,42.0,25.0,1000.0,False,0.4,0.3,0.2,0.1
1788268770.699,999,zstd,3,transmit,0.076,1.2,0.05,42.0,25.0,1000.0,False,0.4,0.3,0.2,0.1
1788268773.041,999,zstd,3,transmit,0.076,1.2,0.05,42.0,25.0,1000.0,False,0.4,0.3,0.2,0.1
1788268775.387,999,zstd,3,transmit,0.076,1.2,0.05,42.0,25.0,1000.0,False,0.4,0.3,0.2,0.1
1788268777.73,999,zstd,3,transmit,0.076,1.2,0.05,42.0,25.0,1000.0,False,0.4,0.3,0.2,0.1
1788268780.083,999,zstd,3,transmit,0.076,1.2,0.05,42.0,25.0,1000.0,False,0.4,0.3,0.2,0.1
1788268782.411,999,zstd,3,transmit,0.076,1.2,0.05,42.0,25.0,1000.0,False,0.4,0.3,0.2,0.1
1788268784.752,999,zstd,3,transmit,0.076,1.2,0.05,42.0,25.0,1000.0,False,0.4,0.3,0.2,0.1
1788268787.09,999,zstd,3,transmit,0.076,1.2,0.05,42.0,25.0,1000.0,False,0.4,0.3,0.2,0.1
1788268789.439,999,zstd,3,transmit,0.076,1.2,0.05,42.0,25.0,1000.0,False,0.4,0.3,0.2,0.1
1788268791.774,999,zstd,3,transmit,0.076,1.2,0.05,42.0,25.0,1000.0,False,0.4,0.3,0.2,0.1
1788268794.136,999,zstd,3,transmit,0.076,1.2,0.05,42.0,25.0,1000.0,False,0.4,0.3,0.2,0.1
1788268796.475,999,zstd,3,transmit,0.076,1.2,0.05,42.0,25.0,1000.0,False,0.4,0.3,0.2,0.1
1788268798.877,999,zstd,3,transmit,0.076,1.2,0.05,42.0,25.0,1000.0,False,0.4,0.3,0.2,0.1
1788268801.205,999,zstd,3,transmit,0.076,1.2,0.05,42.0,25.0,1000.0,False,0.4,0.3,0.2,0.1
1788268803.511,999,zstd,3,transmit,0.076,1.2,0.05,42.0,25.0,1000.0,False,0.4,0.3,0.2,0.1
1788268805.807,999,zstd,3,transmit,0.076,1.2,0.05,42.0,25.0,1000.0,False,0.4,0.3,0.2,0.1
1788268808.088,999,zstd,3,transmit,0.076,1.2,0.05,42.0,25.0,1000.0,False,0.4,0.3,0.2,0.1
1788268810.437,999,zstd,3,transmit,0.076,1.2,0.05,42.0,25.0,1000.0,False,0.4,0.3,0.2,0.1
1788268810.977,1,none,0,transmit,0.0066,0.0,0.0,38.1,46.0,1000.0,True,0.1481,0.4815,0.2963,0.0741
1788268812.787,999,zstd,3,transmit,0.076,1.2,0.05,42.0,25.0,1000.0,False,0.4,0.3,0.2,0.1
1788268815.15,999,zstd,3,transmit,0.076,1.2,0.05,42.0,25.0,1000.0,False,0.4,0.3,0.2,0.1
1788268816.848,2,none,0,transmit,0.0066,0.0,0.0,38.35,29.65,1000.0,True,0.1481,0.4815,0.2963,0.0741
1788268817.498,999,zstd,3,transmit,0.076,1.2,0.05,42.0,25.0,1000.0,False,0.4,0.3,0.2,0.1
1788268819.862,999,zstd,3,transmit,0.076,1.2,0.05,42.0,25.0,1000.0,False,0.4,0.3,0.2,0.1
1788268822.214,999,zstd,3,transmit,0.076,1.2,0.05,42.0,25.0,1000.0,False,0.4,0.3,0.2,0.1
1788268822.924,3,none,0,transmit,0.0066,0.0,0.0,38.43,21.49,1000.0,True,0.1481,0.4815,0.2963,0.0741
1788268824.559,999,zstd,3,transmit,0.076,1.2,0.05,42.0,25.0,1000.0,False,0.4,0.3,0.2,0.1
1788268826.908,999,zstd,3,transmit,0.076,1.2,0.05,42.0,25.0,1000.0,False,0.4,0.3,0.2,0.1
1788268828.792,4,none,0,transmit,0.0066,0.0,0.0,38.49,16.8,1000.0,True,0.1481,0.4815,0.2963,0.0741
1788268829.201,999,zstd,3,transmit,0.076,1.2,0.05,42.0,25.0,1000.0,False,0.4,0.3,0.2,0.1
1788268831.495,999,zstd,3,transmit,0.076,1.2,0.05,42.0,25.0,1000.0,False,0.4,0.3,0.2,0.1
1788268833.786,999,zstd,3,transmit,0.076,1.2,0.05,42.0,25.0,1000.0,False,0.4,0.3,0.2,0.1
1788268834.665,5,none,0,transmit,0.0066,0.0,0.0,38.53,13.8,1000.0,True,0.1481,0.4815,0.2963,0.0741
1788268836.101,999,zstd,3,transmit,0.076,1.2,0.05,42.0,25.0,1000.0,False,0.4,0.3,0.2,0.1
1788268838.399,999,zstd,3,transmit,0.076,1.2,0.05,42.0,25.0,1000.0,False,0.4,0.3,0.2,0.1
1788268840.609,6,none,0,transmit,0.0066,0.0,0.0,38.56,11.36,1000.0,True,0.1481,0.4815,0.2963,0.0741
1788268840.703,999,zstd,3,transmit,0.076,1.2,0.05,42.0,25.0,1000.0,False,0.4,0.3,0.2,0.1
1788268843.008,999,zstd,3,transmit,0.076,1.2,0.05,42.0,25.0,1000.0,False,0.4,0.3,0.2,0.1
1788268845.3,999,zstd,3,transmit,0.076,1.2,0.05,42.0,25.0,1000.0,False,0.4,0.3,0.2,0.1
1788268846.483,7,none,0,transmit,0.0066,0.0,0.0,38.57,10.57,1000.0,True,0.1481,0.4815,0.2963,0.0741
1788268847.609,999,zstd,3,transmit,0.076,1.2,0.05,42.0,25.0,1000.0,False,0.4,0.3,0.2,0.1
1788268849.919,999,zstd,3,transmit,0.076,1.2,0.05,42.0,25.0,1000.0,False,0.4,0.3,0.2,0.1
1788268852.434,8,none,0,transmit,0.0066,0.0,0.0,38.89,9.43,1000.0,True,0.1481,0.4815,0.2963,0.0741
1788268852.242,999,zstd,3,transmit,0.076,1.2,0.05,42.0,25.0,1000.0,False,0.4,0.3,0.2,0.1
1788268854.549,999,zstd,3,transmit,0.076,1.2,0.05,42.0,25.0,1000.0,False,0.4,0.3,0.2,0.1
1788268856.863,999,zstd,3,transmit,0.076,1.2,0.05,42.0,25.0,1000.0,False,0.4,0.3,0.2,0.1
1788268858.38,9,none,0,transmit,0.0066,0.0,0.0,38.69,8.32,1000.0,True,0.1481,0.4815,0.2963,0.0741
1788268859.171,999,zstd,3,transmit,0.076,1.2,0.05,42.0,25.0,1000.0,False,0.4,0.3,0.2,0.1
1788268861.481,999,zstd,3,transmit,0.076,1.2,0.05,42.0,25.0,1000.0,False,0.4,0.3,0.2,0.1
1788268863.807,999,zstd,3,transmit,0.076,1.2,0.05,42.0,25.0,1000.0,False,0.4,0.3,0.2,0.1
1788268864.254,10,none,0,transmit,0.0066,0.0,0.0,38.67,8.07,1000.0,True,0.1481,0.4815,0.2963,0.0741
1788268866.168,999,zstd,3,transmit,0.076,1.2,0.05,42.0,25.0,1000.0,False,0.4,0.3,0.2,0.1
1788268868.526,999,zstd,3,transmit,0.076,1.2,0.05,42.0,25.0,1000.0,False,0.4,0.3,0.2,0.1
1788268870.879,999,zstd,3,transmit,0.076,1.2,0.05,42.0,25.0,1000.0,False,0.4,0.3,0.2,0.1
1788268873.231,999,zstd,3,transmit,0.076,1.2,0.05,42.0,25.0,1000.0,False,0.4,0.3,0.2,0.1
1788268875.619,999,zstd,3,transmit,0.076,1.2,0.05,42.0,25.0,1000.0,False,0.4,0.3,0.2,0.1
1788268876.99,12,none,0,transmit,0.0066,0.0,0.0,38.73,7.18,1000.0,True,0.1481,0.4815,0.2963,0.0741
1788268877.985,999,zstd,3,transmit,0.076,1.2,0.05,42.0,25.0,1000.0,False,0.4,0.3,0.2,0.1
1788268880.319,999,zstd,3,transmit,0.076,1.2,0.05,42.0,25.0,1000.0,False,0.4,0.3,0.2,0.1
1788268882.858,13,none,0,transmit,0.0066,0.0,0.0,38.99,7.59,1000.0,True,0.1481,0.4815,0.2963,0.0741
1788268882.668,999,zstd,3,transmit,0.076,1.2,0.05,42.0,25.0,1000.0,False,0.4,0.3,0.2,0.1
1788268885.003,999,zstd,3,transmit,0.076,1.2,0.05,42.0,25.0,1000.0,False,0.4,0.3,0.2,0.1
1788268887.364,999,zstd,3,transmit,0.076,1.2,0.05,42.0,25.0,1000.0,False,0.4,0.3,0.2,0.1
1788268888.753,14,none,0,transmit,0.0066,0.0,0.0,39.06,7.6,1000.0,True,0.1481,0.4815,0.2963,0.0741
1788268889.741,999,zstd,3,transmit,0.076,1.2,0.05,42.0,25.0,1000.0,False,0.4,0.3,0.2,0.1
1788268892.101,999,zstd,3,transmit,0.076,1.2,0.05,42.0,25.0,1000.0,False,0.4,0.3,0.2,0.1
1788268894.634,15,none,0,transmit,0.0066,0.0,0.0,39.11,7.54,1000.0,True,0.1481,0.4815,0.2963,0.0741
1788268894.433,999,zstd,3,transmit,0.076,1.2,0.05,42.0,25.0,1000.0,False,0.4,0.3,0.2,0.1
1788268896.765,999,zstd,3,transmit,0.076,1.2,0.05,42.0,25.0,1000.0,False,0.4,0.3,0.2,0.1
1788268899.117,999,zstd,3,transmit,0.076,1.2,0.05,42.0,25.0,1000.0,False,0.4,0.3,0.2,0.1
1788268900.584,16,none,0,transmit,0.0066,0.0,0.0,39.15,9.9,1000.0,True,0.1481,0.4815,0.2963,0.0741
1788268901.472,999,zstd,3,transmit,0.076,1.2,0.05,42.0,25.0,1000.0,False,0.4,0.3,0.2,0.1
1788268903.841,999,zstd,3,transmit,0.076,1.2,0.05,42.0,25.0,1000.0,False,0.4,0.3,0.2,0.1
1788268906.454,17,none,0,transmit,0.0066,0.0,0.0,39.42,16.11,1000.0,True,0.1481,0.4815,0.2963,0.0741
1788268906.15,999,zstd,3,transmit,0.076,1.2,0.05,42.0,25.0,1000.0,False,0.4,0.3,0.2,0.1
1788268908.491,999,zstd,3,transmit,0.076,1.2,0.05,42.0,25.0,1000.0,False,0.4,0.3,0.2,0.1
1788268910.83,999,zstd,3,transmit,0.076,1.2,0.05,42.0,25.0,1000.0,False,0.4,0.3,0.2,0.1
1788268912.358,18,none,0,transmit,0.0066,0.0,0.0,39.52,11.05,1000.0,True,0.1481,0.4815,0.2963,0.0741
1788268913.17,999,zstd,3,transmit,0.076,1.2,0.05,42.0,25.0,1000.0,False,0.4,0.3,0.2,0.1
1788268915.547,999,zstd,3,transmit,0.076,1.2,0.05,42.0,25.0,1000.0,False,0.4,0.3,0.2,0.1
1788268918.232,19,none,0,transmit,0.0066,0.0,0.0,39.33,9.99,1000.0,True,0.1481,0.4815,0.2963,0.0741
1788268917.929,999,zstd,3,transmit,0.076,1.2,0.05,42.0,25.0,1000.0,False,0.4,0.3,0.2,0.1
1788268920.299,999,zstd,3,transmit,0.076,1.2,0.05,42.0,25.0,1000.0,False,0.4,0.3,0.2,0.1
1788268922.634,999,zstd,3,transmit,0.076,1.2,0.05,42.0,25.0,1000.0,False,0.4,0.3,0.2,0.1
1788268924.184,20,none,0,transmit,0.0066,0.0,0.0,38.99,9.56,1000.0,True,0.1481,0.4815,0.2963,0.0741
1788268925.008,999,zstd,3,transmit,0.076,1.2,0.05,42.0,25.0,1000.0,False,0.4,0.3,0.2,0.1
1788268927.378,999,zstd,3,transmit,0.076,1.2,0.05,42.0,25.0,1000.0,False,0.4,0.3,0.2,0.1
1788268929.715,999,zstd,3,transmit,0.076,1.2,0.05,42.0,25.0,1000.0,False,0.4,0.3,0.2,0.1
1788268930.132,21,none,0,transmit,0.0066,0.0,0.0,38.86,9.29,1000.0,True,0.1481,0.4815,0.2963,0.0741
1788268932.094,999,zstd,3,transmit,0.076,1.2,0.05,42.0,25.0,1000.0,False,0.4,0.3,0.2,0.1
1788268934.428,999,zstd,3,transmit,0.076,1.2,0.05,42.0,25.0,1000.0,False,0.4,0.3,0.2,0.1
1788268936.011,22,none,0,transmit,0.0066,0.0,0.0,39.07,8.83,1000.0,True,0.1481,0.4815,0.2963,0.0741
1788268936.795,999,zstd,3,transmit,0.076,1.2,0.05,42.0,25.0,1000.0,False,0.4,0.3,0.2,0.1
1788268939.175,999,zstd,3,transmit,0.076,1.2,0.05,42.0,25.0,1000.0,False,0.4,0.3,0.2,0.1
1788268941.877,23,none,0,transmit,0.0066,0.0,0.0,38.81,8.55,1000.0,True,0.1481,0.4815,0.2963,0.0741
1788268941.525,999,zstd,3,transmit,0.076,1.2,0.05,42.0,25.0,1000.0,False,0.4,0.3,0.2,0.1
1788268943.86,999,zstd,3,transmit,0.076,1.2,0.05,42.0,25.0,1000.0,False,0.4,0.3,0.2,0.1
1788268946.222,999,zstd,3,transmit,0.076,1.2,0.05,42.0,25.0,1000.0,False,0.4,0.3,0.2,0.1
1788268947.817,24,none,0,transmit,0.0066,0.0,0.0,38.74,7.78,1000.0,True,0.1481,0.4815,0.2963,0.0741
1788268948.575,999,zstd,3,transmit,0.076,1.2,0.05,42.0,25.0,1000.0,False,0.4,0.3,0.2,0.1
1788268950.875,999,zstd,3,transmit,0.076,1.2,0.05,42.0,25.0,1000.0,False,0.4,0.3,0.2,0.1
1788268953.202,999,zstd,3,transmit,0.076,1.2,0.05,42.0,25.0,1000.0,False,0.4,0.3,0.2,0.1
1788268953.757,25,none,0,transmit,0.0066,0.0,0.0,38.69,7.87,1000.0,True,0.1481,0.4815,0.2963,0.0741
1788268955.517,999,zstd,3,transmit,0.076,1.2,0.05,42.0,25.0,1000.0,False,0.4,0.3,0.2,0.1
1788268957.935,999,zstd,3,transmit,0.076,1.2,0.05,42.0,25.0,1000.0,False,0.4,0.3,0.2,0.1
1788268959.625,26,none,0,transmit,0.0066,0.0,0.0,38.66,8.24,1000.0,True,0.1481,0.4815,0.2963,0.0741
1788268960.254,999,zstd,3,transmit,0.076,1.2,0.05,42.0,25.0,1000.0,False,0.4,0.3,0.2,0.1
1788268962.566,999,zstd,3,transmit,0.076,1.2,0.05,42.0,25.0,1000.0,False,0.4,0.3,0.2,0.1
1788268964.898,999,zstd,3,transmit,0.076,1.2,0.05,42.0,25.0,1000.0,False,0.4,0.3,0.2,0.1
1788268965.553,27,none,0,transmit,0.0066,0.0,0.0,38.64,8.05,1000.0,True,0.1481,0.4815,0.2963,0.0741
1788268967.216,999,zstd,3,transmit,0.076,1.2,0.05,42.0,25.0,1000.0,False,0.4,0.3,0.2,0.1
1788268969.55,999,zstd,3,transmit,0.076,1.2,0.05,42.0,25.0,1000.0,False,0.4,0.3,0.2,0.1
1788268971.428,28,none,0,transmit,0.0066,0.0,0.0,38.62,8.12,1000.0,True,0.1481,0.4815,0.2963,0.0741
1788268971.978,999,zstd,3,transmit,0.076,1.2,0.05,42.0,25.0,1000.0,False,0.4,0.3,0.2,0.1
1788268974.447,999,zstd,3,transmit,0.076,1.2,0.05,42.0,25.0,1000.0,False,0.4,0.3,0.2,0.1
1788268976.812,999,zstd,3,transmit,0.076,1.2,0.05,42.0,25.0,1000.0,False,0.4,0.3,0.2,0.1
1788268977.383,29,none,0,transmit,0.0066,0.0,0.0,38.61,8.19,1000.0,True,0.1481,0.4815,0.2963,0.0741
1788268979.168,999,zstd,3,transmit,0.076,1.2,0.05,42.0,25.0,1000.0,False,0.4,0.3,0.2,0.1
1788268981.522,999,zstd,3,transmit,0.076,1.2,0.05,42.0,25.0,1000.0,False,0.4,0.3,0.2,0.1
1788268983.258,30,none,0,transmit,0.0066,0.0,0.0,38.61,8.37,1000.0,True,0.1481,0.4815,0.2963,0.0741
1788268983.822,999,zstd,3,transmit,0.076,1.2,0.05,42.0,25.0,1000.0,False,0.4,0.3,0.2,0.1
1788268986.155,999,zstd,3,transmit,0.076,1.2,0.05,42.0,25.0,1000.0,False,0.4,0.3,0.2,0.1
1788268988.469,999,zstd,3,transmit,0.076,1.2,0.05,42.0,25.0,1000.0,False,0.4,0.3,0.2,0.1
1788268989.132,31,none,0,transmit,0.0066,0.0,0.0,38.6,8.14,1000.0,True,0.1481,0.4815,0.2963,0.0741
1788268990.794,999,zstd,3,transmit,0.076,1.2,0.05,42.0,25.0,1000.0,False,0.4,0.3,0.2,0.1
1788268993.117,999,zstd,3,transmit,0.076,1.2,0.05,42.0,25.0,1000.0,False,0.4,0.3,0.2,0.1
1788268995.009,32,none,0,transmit,0.0066,0.0,0.0,38.6,7.89,1000.0,True,0.1481,0.4815,0.2963,0.0741
1788268995.473,999,zstd,3,transmit,0.076,1.2,0.05,42.0,25.0,1000.0,False,0.4,0.3,0.2,0.1
1788268997.866,999,zstd,3,transmit,0.076,1.2,0.05,42.0,25.0,1000.0,False,0.4,0.3,0.2,0.1
1788269000.177,999,zstd,3,transmit,0.076,1.2,0.05,42.0,25.0,1000.0,False,0.4,0.3,0.2,0.1
1788269000.877,33,none,0,transmit,0.0066,0.0,0.0,38.6,7.54,1000.0,True,0.1481,0.4815,0.2963,0.0741
1788269002.495,999,zstd,3,transmit,0.076,1.2,0.05,42.0,25.0,1000.0,False,0.4,0.3,0.2,0.1
1788269004.797,999,zstd,3,transmit,0.076,1.2,0.05,42.0,25.0,1000.0,False,0.4,0.3,0.2,0.1
1788269006.817,34,none,0,transmit,0.0066,0.0,0.0,38.6,7.98,1000.0,True,0.1481,0.4815,0.2963,0.0741
1788269007.094,999,zstd,3,transmit,0.076,1.2,0.05,42.0,25.0,1000.0,False,0.4,0.3,0.2,0.1
1788269009.405,999,zstd,3,transmit,0.076,1.2,0.05,42.0,25.0,1000.0,False,0.4,0.3,0.2,0.1
1788269011.709,999,zstd,3,transmit,0.076,1.2,0.05,42.0,25.0,1000.0,False,0.4,0.3,0.2,0.1
1788269012.684,35,none,0,transmit,0.0066,0.0,0.0,38.6,7.88,1000.0,True,0.1481,0.4815,0.2963,0.0741
1788269014.018,999,zstd,3,transmit,0.076,1.2,0.05,42.0,25.0,1000.0,False,0.4,0.3,0.2,0.1
1788269016.334,999,zstd,3,transmit,0.076,1.2,0.05,42.0,25.0,1000.0,False,0.4,0.3,0.2,0.1
1788269018.556,36,none,0,transmit,0.0066,0.0,0.0,38.6,7.79,1000.0,True,0.1481,0.4815,0.2963,0.0741
1788269018.628,999,zstd,3,transmit,0.076,1.2,0.05,42.0,25.0,1000.0,False,0.4,0.3,0.2,0.1
1788269020.95,999,zstd,3,transmit,0.076,1.2,0.05,42.0,25.0,1000.0,False,0.4,0.3,0.2,0.1
1788269023.248,999,zstd,3,transmit,0.076,1.2,0.05,42.0,25.0,1000.0,False,0.4,0.3,0.2,0.1
1788269024.429,37,none,0,transmit,0.0066,0.0,0.0,38.9,7.65,1000.0,True,0.1481,0.4815,0.2963,0.0741
1788269025.54,999,zstd,3,transmit,0.076,1.2,0.05,42.0,25.0,1000.0,False,0.4,0.3,0.2,0.1
1788269027.854,999,zstd,3,transmit,0.076,1.2,0.05,42.0,25.0,1000.0,False,0.4,0.3,0.2,0.1
1788269030.354,38,none,0,transmit,0.0066,0.0,0.0,39.0,7.85,1000.0,True,0.1481,0.4815,0.2963,0.0741
1788269030.163,999,zstd,3,transmit,0.076,1.2,0.05,42.0,25.0,1000.0,False,0.4,0.3,0.2,0.1
1788269032.465,999,zstd,3,transmit,0.076,1.2,0.05,42.0,25.0,1000.0,False,0.4,0.3,0.2,0.1
1788269034.757,999,zstd,3,transmit,0.076,1.2,0.05,42.0,25.0,1000.0,False,0.4,0.3,0.2,0.1
1788269037.079,999,zstd,3,transmit,0.076,1.2,0.05,42.0,25.0,1000.0,False,0.4,0.3,0.2,0.1
1788269039.377,999,zstd,3,transmit,0.076,1.2,0.05,42.0,25.0,1000.0,False,0.4,0.3,0.2,0.1
1788269041.744,999,zstd,3,transmit,0.076,1.2,0.05,42.0,25.0,1000.0,False,0.4,0.3,0.2,0.1
1788269044.108,999,zstd,3,transmit,0.076,1.2,0.05,42.0,25.0,1000.0,False,0.4,0.3,0.2,0.1
1788269046.486,999,zstd,3,transmit,0.076,1.2,0.05,42.0,25.0,1000.0,False,0.4,0.3,0.2,0.1
1788269048.87,999,zstd,3,transmit,0.076,1.2,0.05,42.0,25.0,1000.0,False,0.4,0.3,0.2,0.1
1788269051.197,999,zstd,3,transmit,0.076,1.2,0.05,42.0,25.0,1000.0,False,0.4,0.3,0.2,0.1
1788269053.569,999,zstd,3,transmit,0.076,1.2,0.05,42.0,25.0,1000.0,False,0.4,0.3,0.2,0.1
1788269055.935,999,zstd,3,transmit,0.076,1.2,0.05,42.0,25.0,1000.0,False,0.4,0.3,0.2,0.1
1788269058.24,999,zstd,3,transmit,0.076,1.2,0.05,42.0,25.0,1000.0,False,0.4,0.3,0.2,0.1
1788269060.528,999,zstd,3,transmit,0.076,1.2,0.05,42.0,25.0,1000.0,False,0.4,0.3,0.2,0.1
1788269062.836,999,zstd,3,transmit,0.076,1.2,0.05,42.0,25.0,1000.0,False,0.4,0.3,0.2,0.1
1788269065.136,999,zstd,3,transmit,0.076,1.2,0.05,42.0,25.0,1000.0,False,0.4,0.3,0.2,0.1
1788269067.439,999,zstd,3,transmit,0.076,1.2,0.05,42.0,25.0,1000.0,False,0.4,0.3,0.2,0.1
1788269069.727,999,zstd,3,transmit,0.076,1.2,0.05,42.0,25.0,1000.0,False,0.4,0.3,0.2,0.1
1788269072.023,999,zstd,3,transmit,0.076,1.2,0.05,42.0,25.0,1000.0,False,0.4,0.3,0.2,0.1
1788269074.309,999,zstd,3,transmit,0.076,1.2,0.05,42.0,25.0,1000.0,False,0.4,0.3,0.2,0.1
1788269076.632,999,zstd,3,transmit,0.076,1.2,0.05,42.0,25.0,1000.0,False,0.4,0.3,0.2,0.1
1788269078.961,999,zstd,3,transmit,0.076,1.2,0.05,42.0,25.0,1000.0,False,0.4,0.3,0.2,0.1
1788269081.259,999,zstd,3,transmit,0.076,1.2,0.05,42.0,25.0,1000.0,False,0.4,0.3,0.2,0.1
1788269083.553,999,zstd,3,transmit,0.076,1.2,0.05,42.0,25.0,1000.0,False,0.4,0.3,0.2,0.1
1788269085.842,999,zstd,3,transmit,0.076,1.2,0.05,42.0,25.0,1000.0,False,0.4,0.3,0.2,0.1
1788269088.135,999,zstd,3,transmit,0.076,1.2,0.05,42.0,25.0,1000.0,False,0.4,0.3,0.2,0.1
1788269090.425,999,zstd,3,transmit,0.076,1.2,0.05,42.0,25.0,1000.0,False,0.4,0.3,0.2,0.1
1788269092.73,999,zstd,3,transmit,0.076,1.2,0.05,42.0,25.0,1000.0,False,0.4,0.3,0.2,0.1
1788269095.026,999,zstd,3,transmit,0.076,1.2,0.05,42.0,25.0,1000.0,False,0.4,0.3,0.2,0.1
1788269097.33,999,zstd,3,transmit,0.076,1.2,0.05,42.0,25.0,1000.0,False,0.4,0.3,0.2,0.1
1788269099.629,999,zstd,3,transmit,0.076,1.2,0.05,42.0,25.0,1000.0,False,0.4,0.3,0.2,0.1
1788269101.922,999,zstd,3,transmit,0.076,1.2,0.05,42.0,25.0,1000.0,False,0.4,0.3,0.2,0.1
1788269104.209,999,zstd,3,transmit,0.076,1.2,0.05,42.0,25.0,1000.0,False,0.4,0.3,0.2,0.1
1788269106.496,999,zstd,3,transmit,0.076,1.2,0.05,42.0,25.0,1000.0,False,0.4,0.3,0.2,0.1
1788269108.779,999,zstd,3,transmit,0.076,1.2,0.05,42.0,25.0,1000.0,False,0.4,0.3,0.2,0.1
1788269111.066,999,zstd,3,transmit,0.076,1.2,0.05,42.0,25.0,1000.0,False,0.4,0.3,0.2,0.1
1788269113.377,999,zstd,3,transmit,0.076,1.2,0.05,42.0,25.0,1000.0,False,0.4,0.3,0.2,0.1
1788269115.658,999,zstd,3,transmit,0.076,1.2,0.05,42.0,25.0,1000.0,False,0.4,0.3,0.2,0.1
1788269117.953,999,zstd,3,transmit,0.076,1.2,0.05,42.0,25.0,1000.0,False,0.4,0.3,0.2,0.1
1788269120.244,999,zstd,3,transmit,0.076,1.2,0.05,42.0,25.0,1000.0,False,0.4,0.3,0.2,0.1
1788269122.538,999,zstd,3,transmit,0.076,1.2,0.05,42.0,25.0,1000.0,False,0.4,0.3,0.2,0.1
1788269124.826,999,zstd,3,transmit,0.076,1.2,0.05,42.0,25.0,1000.0,False,0.4,0.3,0.2,0.1
1788269127.115,999,zstd,3,transmit,0.076,1.2,0.05,42.0,25.0,1000.0,False,0.4,0.3,0.2,0.1
1788269129.432,999,zstd,3,transmit,0.076,1.2,0.05,42.0,25.0,1000.0,False,0.4,0.3,0.2,0.1
1788269131.744,999,zstd,3,transmit,0.076,1.2,0.05,42.0,25.0,1000.0,False,0.4,0.3,0.2,0.1
1788269134.043,999,zstd,3,transmit,0.076,1.2,0.05,42.0,25.0,1000.0,False,0.4,0.3,0.2,0.1
1788269136.347,999,zstd,3,transmit,0.076,1.2,0.05,42.0,25.0,1000.0,False,0.4,0.3,0.2,0.1
1788269138.634,999,zstd,3,transmit,0.076,1.2,0.05,42.0,25.0,1000.0,False,0.4,0.3,0.2,0.1
1788269140.917,999,zstd,3,transmit,0.076,1.2,0.05,42.0,25.0,1000.0,False,0.4,0.3,0.2,0.1
1788269143.2,999,zstd,3,transmit,0.076,1.2,0.05,42.0,25.0,1000.0,False,0.4,0.3,0.2,0.1
1788269145.508,999,zstd,3,transmit,0.076,1.2,0.05,42.0,25.0,1000.0,False,0.4,0.3,0.2,0.1
1788269147.808,999,zstd,3,transmit,0.076,1.2,0.05,42.0,25.0,1000.0,False,0.4,0.3,0.2,0.1
1788269150.112,999,zstd,3,transmit,0.076,1.2,0.05,42.0,25.0,1000.0,False,0.4,0.3,0.2,0.1
1788269152.421,999,zstd,3,transmit,0.076,1.2,0.05,42.0,25.0,1000.0,False,0.4,0.3,0.2,0.1
1788269154.729,999,zstd,3,transmit,0.076,1.2,0.05,42.0,25.0,1000.0,False,0.4,0.3,0.2,0.1
1788269157.023,999,zstd,3,transmit,0.076,1.2,0.05,42.0,25.0,1000.0,False,0.4,0.3,0.2,0.1
1788269159.343,999,zstd,3,transmit,0.076,1.2,0.05,42.0,25.0,1000.0,False,0.4,0.3,0.2,0.1
1788269161.639,999,zstd,3,transmit,0.076,1.2,0.05,42.0,25.0,1000.0,False,0.4,0.3,0.2,0.1
1788269163.935,999,zstd,3,transmit,0.076,1.2,0.05,42.0,25.0,1000.0,False,0.4,0.3,0.2,0.1
1788269166.246,999,zstd,3,transmit,0.076,1.2,0.05,42.0,25.0,1000.0,False,0.4,0.3,0.2,0.1
1788269168.546,999,zstd,3,transmit,0.076,1.2,0.05,42.0,25.0,1000.0,False,0.4,0.3,0.2,0.1
1788269170.838,999,zstd,3,transmit,0.076,1.2,0.05,42.0,25.0,1000.0,False,0.4,0.3,0.2,0.1
1788269173.149,999,zstd,3,transmit,0.076,1.2,0.05,42.0,25.0,1000.0,False,0.4,0.3,0.2,0.1
1788269175.439,999,zstd,3,transmit,0.076,1.2,0.05,42.0,25.0,1000.0,False,0.4,0.3,0.2,0.1
1788269177.764,999,zstd,3,transmit,0.076,1.2,0.05,42.0,25.0,1000.0,False,0.4,0.3,0.2,0.1
1788269180.112,999,zstd,3,transmit,0.076,1.2,0.05,42.0,25.0,1000.0,False,0.4,0.3,0.2,0.1
1788269182.401,999,zstd,3,transmit,0.076,1.2,0.05,42.0,25.0,1000.0,False,0.4,0.3,0.2,0.1
1788269184.709,999,zstd,3,transmit,0.076,1.2,0.05,42.0,25.0,1000.0,False,0.4,0.3,0.2,0.1
1788269187.003,999,zstd,3,transmit,0.076,1.2,0.05,42.0,25.0,1000.0,False,0.4,0.3,0.2,0.1
1788269189.288,999,zstd,3,transmit,0.076,1.2,0.05,42.0,25.0,1000.0,False,0.4,0.3,0.2,0.1
1788269191.585,999,zstd,3,transmit,0.076,1.2,0.05,42.0,25.0,1000.0,False,0.4,0.3,0.2,0.1
1788269193.902,999,zstd,3,transmit,0.076,1.2,0.05,42.0,25.0,1000.0,False,0.4,0.3,0.2,0.1
1788269196.22,999,zstd,3,transmit,0.076,1.2,0.05,42.0,25.0,1000.0,False,0.4,0.3,0.2,0.1
1788269198.532,999,zstd,3,transmit,0.076,1.2,0.05,42.0,25.0,1000.0,False,0.4,0.3,0.2,0.1
1788269200.901,999,zstd,3,transmit,0.076,1.2,0.05,42.0,25.0,1000.0,False,0.4,0.3,0.2,0.1
1788269203.282,999,zstd,3,transmit,0.076,1.2,0.05,42.0,25.0,1000.0,False,0.4,0.3,0.2,0.1
1788269205.684,999,zstd,3,transmit,0.076,1.2,0.05,42.0,25.0,1000.0,False,0.4,0.3,0.2,0.1
1788269208.017,999,zstd,3,transmit,0.076,1.2,0.05,42.0,25.0,1000.0,False,0.4,0.3,0.2,0.1
1788269210.374,999,zstd,3,transmit,0.076,1.2,0.05,42.0,25.0,1000.0,False,0.4,0.3,0.2,0.1
1788269212.712,999,zstd,3,transmit,0.076,1.2,0.05,42.0,25.0,1000.0,False,0.4,0.3,0.2,0.1
1788269215.008,999,zstd,3,transmit,0.076,1.2,0.05,42.0,25.0,1000.0,False,0.4,0.3,0.2,0.1
1788269217.316,999,zstd,3,transmit,0.076,1.2,0.05,42.0,25.0,1000.0,False,0.4,0.3,0.2,0.1
1788269219.625,999,zstd,3,transmit,0.076,1.2,0.05,42.0,25.0,1000.0,False,0.4,0.3,0.2,0.1
1788269221.94,999,zstd,3,transmit,0.076,1.2,0.05,42.0,25.0,1000.0,False,0.4,0.3,0.2,0.1
1788269224.269,999,zstd,3,transmit,0.076,1.2,0.05,42.0,25.0,1000.0,False,0.4,0.3,0.2,0.1
1788269226.586,999,zstd,3,transmit,0.076,1.2,0.05,42.0,25.0,1000.0,False,0.4,0.3,0.2,0.1
1788269228.915,999,zstd,3,transmit,0.076,1.2,0.05,42.0,25.0,1000.0,False,0.4,0.3,0.2,0.1
1788269231.242,999,zstd,3,transmit,0.076,1.2,0.05,42.0,25.0,1000.0,False,0.4,0.3,0.2,0.1
1788269233.529,999,zstd,3,transmit,0.076,1.2,0.05,42.0,25.0,1000.0,False,0.4,0.3,0.2,0.1
1788269235.836,999,zstd,3,transmit,0.076,1.2,0.05,42.0,25.0,1000.0,False,0.4,0.3,0.2,0.1
1788269238.146,999,zstd,3,transmit,0.076,1.2,0.05,42.0,25.0,1000.0,False,0.4,0.3,0.2,0.1
1788269240.45,999,zstd,3,transmit,0.076,1.2,0.05,42.0,25.0,1000.0,False,0.4,0.3,0.2,0.1
1788269242.741,999,zstd,3,transmit,0.076,1.2,0.05,42.0,25.0,1000.0,False,0.4,0.3,0.2,0.1
1788269245.038,999,zstd,3,transmit,0.076,1.2,0.05,42.0,25.0,1000.0,False,0.4,0.3,0.2,0.1
1788269247.336,999,zstd,3,transmit,0.076,1.2,0.05,42.0,25.0,1000.0,False,0.4,0.3,0.2,0.1
1788269249.651,999,zstd,3,transmit,0.076,1.2,0.05,42.0,25.0,1000.0,False,0.4,0.3,0.2,0.1
1788269252.026,999,zstd,3,transmit,0.076,1.2,0.05,42.0,25.0,1000.0,False,0.4,0.3,0.2,0.1
1788269254.361,999,zstd,3,transmit,0.076,1.2,0.05,42.0,25.0,1000.0,False,0.4,0.3,0.2,0.1
1788269256.717,999,zstd,3,transmit,0.076,1.2,0.05,42.0,25.0,1000.0,False,0.4,0.3,0.2,0.1
1788269259.032,999,zstd,3,transmit,0.076,1.2,0.05,42.0,25.0,1000.0,False,0.4,0.3,0.2,0.1
1788269261.446,999,zstd,3,transmit,0.076,1.2,0.05,42.0,25.0,1000.0,False,0.4,0.3,0.2,0.1
1788269263.799,999,zstd,3,transmit,0.076,1.2,0.05,42.0,25.0,1000.0,False,0.4,0.3,0.2,0.1
1788269266.143,999,zstd,3,transmit,0.076,1.2,0.05,42.0,25.0,1000.0,False,0.4,0.3,0.2,0.1
1788269268.524,999,zstd,3,transmit,0.076,1.2,0.05,42.0,25.0,1000.0,False,0.4,0.3,0.2,0.1
1788269270.889,999,zstd,3,transmit,0.076,1.2,0.05,42.0,25.0,1000.0,False,0.4,0.3,0.2,0.1
1788269273.243,999,zstd,3,transmit,0.076,1.2,0.05,42.0,25.0,1000.0,False,0.4,0.3,0.2,0.1
1788269275.625,999,zstd,3,transmit,0.076,1.2,0.05,42.0,25.0,1000.0,False,0.4,0.3,0.2,0.1
1788269278.048,999,zstd,3,transmit,0.076,1.2,0.05,42.0,25.0,1000.0,False,0.4,0.3,0.2,0.1
1788269280.44,999,zstd,3,transmit,0.076,1.2,0.05,42.0,25.0,1000.0,False,0.4,0.3,0.2,0.1
1788269282.748,999,zstd,3,transmit,0.076,1.2,0.05,42.0,25.0,1000.0,False,0.4,0.3,0.2,0.1
1788269285.042,999,zstd,3,transmit,0.076,1.2,0.05,42.0,25.0,1000.0,False,0.4,0.3,0.2,0.1
1788269287.328,999,zstd,3,transmit,0.076,1.2,0.05,42.0,25.0,1000.0,False,0.4,0.3,0.2,0.1
1788269289.64,999,zstd,3,transmit,0.076,1.2,0.05,42.0,25.0,1000.0,False,0.4,0.3,0.2,0.1
1788269291.94,999,zstd,3,transmit,0.076,1.2,0.05,42.0,25.0,1000.0,False,0.4,0.3,0.2,0.1
1788269294.259,999,zstd,3,transmit,0.076,1.2,0.05,42.0,25.0,1000.0,False,0.4,0.3,0.2,0.1
1788269296.573,999,zstd,3,transmit,0.076,1.2,0.05,42.0,25.0,1000.0,False,0.4,0.3,0.2,0.1
1788269298.886,999,zstd,3,transmit,0.076,1.2,0.05,42.0,25.0,1000.0,False,0.4,0.3,0.2,0.1
1788269301.24,999,zstd,3,transmit,0.076,1.2,0.05,42.0,25.0,1000.0,False,0.4,0.3,0.2,0.1
1788269303.586,999,zstd,3,transmit,0.076,1.2,0.05,42.0,25.0,1000.0,False,0.4,0.3,0.2,0.1
1788269306.039,999,zstd,3,transmit,0.076,1.2,0.05,42.0,25.0,1000.0,False,0.4,0.3,0.2,0.1
1788269308.456,999,zstd,3,transmit,0.076,1.2,0.05,42.0,25.0,1000.0,False,0.4,0.3,0.2,0.1
1788269310.846,999,zstd,3,transmit,0.076,1.2,0.05,42.0,25.0,1000.0,False,0.4,0.3,0.2,0.1
1788269313.255,999,zstd,3,transmit,0.076,1.2,0.05,42.0,25.0,1000.0,False,0.4,0.3,0.2,0.1
1788269315.63,999,zstd,3,transmit,0.076,1.2,0.05,42.0,25.0,1000.0,False,0.4,0.3,0.2,0.1
1788269318.052,999,zstd,3,transmit,0.076,1.2,0.05,42.0,25.0,1000.0,False,0.4,0.3,0.2,0.1
1788269320.429,999,zstd,3,transmit,0.076,1.2,0.05,42.0,25.0,1000.0,False,0.4,0.3,0.2,0.1
1788269322.806,999,zstd,3,transmit,0.076,1.2,0.05,42.0,25.0,1000.0,False,0.4,0.3,0.2,0.1
1788269325.148,999,zstd,3,transmit,0.076,1.2,0.05,42.0,25.0,1000.0,False,0.4,0.3,0.2,0.1
1788269327.482,999,zstd,3,transmit,0.076,1.2,0.05,42.0,25.0,1000.0,False,0.4,0.3,0.2,0.1
1788269329.807,999,zstd,3,transmit,0.076,1.2,0.05,42.0,25.0,1000.0,False,0.4,0.3,0.2,0.1
1788269332.116,999,zstd,3,transmit,0.076,1.2,0.05,42.0,25.0,1000.0,False,0.4,0.3,0.2,0.1
1788269334.441,999,zstd,3,transmit,0.076,1.2,0.05,42.0,25.0,1000.0,False,0.4,0.3,0.2,0.1
1788269336.851,999,zstd,3,transmit,0.076,1.2,0.05,42.0,25.0,1000.0,False,0.4,0.3,0.2,0.1
1788269339.221,999,zstd,3,transmit,0.076,1.2,0.05,42.0,25.0,1000.0,False,0.4,0.3,0.2,0.1
1788269341.564,999,zstd,3,transmit,0.076,1.2,0.05,42.0,25.0,1000.0,False,0.4,0.3,0.2,0.1
1788269343.891,999,zstd,3,transmit,0.076,1.2,0.05,42.0,25.0,1000.0,False,0.4,0.3,0.2,0.1
1788269346.234,999,zstd,3,transmit,0.076,1.2,0.05,42.0,25.0,1000.0,False,0.4,0.3,0.2,0.1
1788269348.565,999,zstd,3,transmit,0.076,1.2,0.05,42.0,25.0,1000.0,False,0.4,0.3,0.2,0.1
1788269350.861,999,zstd,3,transmit,0.076,1.2,0.05,42.0,25.0,1000.0,False,0.4,0.3,0.2,0.1
1788269353.167,999,zstd,3,transmit,0.076,1.2,0.05,42.0,25.0,1000.0,False,0.4,0.3,0.2,0.1
1788269355.45,999,zstd,3,transmit,0.076,1.2,0.05,42.0,25.0,1000.0,False,0.4,0.3,0.2,0.1
1788269357.815,999,zstd,3,transmit,0.076,1.2,0.05,42.0,25.0,1000.0,False,0.4,0.3,0.2,0.1
1788269360.138,999,zstd,3,transmit,0.076,1.2,0.05,42.0,25.0,1000.0,False,0.4,0.3,0.2,0.1
1788269362.437,999,zstd,3,transmit,0.076,1.2,0.05,42.0,25.0,1000.0,False,0.4,0.3,0.2,0.1
1788269364.734,999,zstd,3,transmit,0.076,1.2,0.05,42.0,25.0,1000.0,False,0.4,0.3,0.2,0.1
1788269367.024,999,zstd,3,transmit,0.076,1.2,0.05,42.0,25.0,1000.0,False,0.4,0.3,0.2,0.1
1788269369.375,999,zstd,3,transmit,0.076,1.2,0.05,42.0,25.0,1000.0,False,0.4,0.3,0.2,0.1
1788269371.674,999,zstd,3,transmit,0.076,1.2,0.05,42.0,25.0,1000.0,False,0.4,0.3,0.2,0.1
1788269374.025,999,zstd,3,transmit,0.076,1.2,0.05,42.0,25.0,1000.0,False,0.4,0.3,0.2,0.1
1788269376.352,999,zstd,3,transmit,0.076,1.2,0.05,42.0,25.0,1000.0,False,0.4,0.3,0.2,0.1
1788269378.733,999,zstd,3,transmit,0.076,1.2,0.05,42.0,25.0,1000.0,False,0.4,0.3,0.2,0.1
1788269381.053,999,zstd,3,transmit,0.076,1.2,0.05,42.0,25.0,1000.0,False,0.4,0.3,0.2,0.1
1788269383.394,999,zstd,3,transmit,0.076,1.2,0.05,42.0,25.0,1000.0,False,0.4,0.3,0.2,0.1
1788269385.714,999,zstd,3,transmit,0.076,1.2,0.05,42.0,25.0,1000.0,False,0.4,0.3,0.2,0.1
1788269388.06,999,zstd,3,transmit,0.076,1.2,0.05,42.0,25.0,1000.0,False,0.4,0.3,0.2,0.1
1788269390.428,999,zstd,3,transmit,0.076,1.2,0.05,42.0,25.0,1000.0,False,0.4,0.3,0.2,0.1
1788269392.764,999,zstd,3,transmit,0.076,1.2,0.05,42.0,25.0,1000.0,False,0.4,0.3,0.2,0.1
1788269395.065,999,zstd,3,transmit,0.076,1.2,0.05,42.0,25.0,1000.0,False,0.4,0.3,0.2,0.1
1788269397.355,999,zstd,3,transmit,0.076,1.2,0.05,42.0,25.0,1000.0,False,0.4,0.3,0.2,0.1
1788269399.641,999,zstd,3,transmit,0.076,1.2,0.05,42.0,25.0,1000.0,False,0.4,0.3,0.2,0.1
1788269401.974,999,zstd,3,transmit,0.076,1.2,0.05,42.0,25.0,1000.0,False,0.4,0.3,0.2,0.1
1788269404.331,999,zstd,3,transmit,0.076,1.2,0.05,42.0,25.0,1000.0,False,0.4,0.3,0.2,0.1
1788269406.717,999,zstd,3,transmit,0.076,1.2,0.05,42.0,25.0,1000.0,False,0.4,0.3,0.2,0.1
1788269409.02,999,zstd,3,transmit,0.076,1.2,0.05,42.0,25.0,1000.0,False,0.4,0.3,0.2,0.1
1788269411.378,999,zstd,3,transmit,0.076,1.2,0.05,42.0,25.0,1000.0,False,0.4,0.3,0.2,0.1
1788269413.713,999,zstd,3,transmit,0.076,1.2,0.05,42.0,25.0,1000.0,False,0.4,0.3,0.2,0.1
1788269416.024,999,zstd,3,transmit,0.076,1.2,0.05,42.0,25.0,1000.0,False,0.4,0.3,0.2,0.1
1788269418.366,999,zstd,3,transmit,0.076,1.2,0.05,42.0,25.0,1000.0,False,0.4,0.3,0.2,0.1
1788269420.76,999,zstd,3,transmit,0.076,1.2,0.05,42.0,25.0,1000.0,False,0.4,0.3,0.2,0.1
1788269423.029,999,zstd,3,transmit,0.076,1.2,0.05,42.0,25.0,1000.0,False,0.4,0.3,0.2,0.1
1788269425.332,999,zstd,3,transmit,0.076,1.2,0.05,42.0,25.0,1000.0,False,0.4,0.3,0.2,0.1
1788269427.736,999,zstd,3,transmit,0.076,1.2,0.05,42.0,25.0,1000.0,False,0.4,0.3,0.2,0.1
1788269430.081,999,zstd,3,transmit,0.076,1.2,0.05,42.0,25.0,1000.0,False,0.4,0.3,0.2,0.1
1788269432.401,999,zstd,3,transmit,0.076,1.2,0.05,42.0,25.0,1000.0,False,0.4,0.3,0.2,0.1
1788269434.755,999,zstd,3,transmit,0.076,1.2,0.05,42.0,25.0,1000.0,False,0.4,0.3,0.2,0.1
1788269437.071,999,zstd,3,transmit,0.076,1.2,0.05,42.0,25.0,1000.0,False,0.4,0.3,0.2,0.1
1788269439.386,999,zstd,3,transmit,0.076,1.2,0.05,42.0,25.0,1000.0,False,0.4,0.3,0.2,0.1
1788269441.676,999,zstd,3,transmit,0.076,1.2,0.05,42.0,25.0,1000.0,False,0.4,0.3,0.2,0.1
1788269443.99,999,zstd,3,transmit,0.076,1.2,0.05,42.0,25.0,1000.0,False,0.4,0.3,0.2,0.1
1788269446.406,999,zstd,3,transmit,0.076,1.2,0.05,42.0,25.0,1000.0,False,0.4,0.3,0.2,0.1
1788269448.702,999,zstd,3,transmit,0.076,1.2,0.05,42.0,25.0,1000.0,False,0.4,0.3,0.2,0.1
1788269450.989,999,zstd,3,transmit,0.076,1.2,0.05,42.0,25.0,1000.0,False,0.4,0.3,0.2,0.1
1788269453.295,999,zstd,3,transmit,0.076,1.2,0.05,42.0,25.0,1000.0,False,0.4,0.3,0.2,0.1
1788269455.588,999,zstd,3,transmit,0.076,1.2,0.05,42.0,25.0,1000.0,False,0.4,0.3,0.2,0.1
1788269457.936,999,zstd,3,transmit,0.076,1.2,0.05,42.0,25.0,1000.0,False,0.4,0.3,0.2,0.1
1788269460.319,999,zstd,3,transmit,0.076,1.2,0.05,42.0,25.0,1000.0,False,0.4,0.3,0.2,0.1
1788269462.843,999,zstd,3,transmit,0.076,1.2,0.05,42.0,25.0,1000.0,False,0.4,0.3,0.2,0.1
1788269465.332,999,zstd,3,transmit,0.076,1.2,0.05,42.0,25.0,1000.0,False,0.4,0.3,0.2,0.1
1788269467.862,999,zstd,3,transmit,0.076,1.2,0.05,42.0,25.0,1000.0,False,0.4,0.3,0.2,0.1
1788269470.32,999,zstd,3,transmit,0.076,1.2,0.05,42.0,25.0,1000.0,False,0.4,0.3,0.2,0.1
1788269472.676,999,zstd,3,transmit,0.076,1.2,0.05,42.0,25.0,1000.0,False,0.4,0.3,0.2,0.1
1788269475.079,999,zstd,3,transmit,0.076,1.2,0.05,42.0,25.0,1000.0,False,0.4,0.3,0.2,0.1
1788269477.455,999,zstd,3,transmit,0.076,1.2,0.05,42.0,25.0,1000.0,False,0.4,0.3,0.2,0.1
1788269479.779,999,zstd,3,transmit,0.076,1.2,0.05,42.0,25.0,1000.0,False,0.4,0.3,0.2,0.1
1788269482.153,999,zstd,3,transmit,0.076,1.2,0.05,42.0,25.0,1000.0,False,0.4,0.3,0.2,0.1
1788269484.503,999,zstd,3,transmit,0.076,1.2,0.05,42.0,25.0,1000.0,False,0.4,0.3,0.2,0.1
1788269486.84,999,zstd,3,transmit,0.076,1.2,0.05,42.0,25.0,1000.0,False,0.4,0.3,0.2,0.1
1788269489.131,999,zstd,3,transmit,0.076,1.2,0.05,42.0,25.0,1000.0,False,0.4,0.3,0.2,0.1
1788269491.425,999,zstd,3,transmit,0.076,1.2,0.05,42.0,25.0,1000.0,False,0.4,0.3,0.2,0.1
1788269493.703,999,zstd,3,transmit,0.076,1.2,0.05,42.0,25.0,1000.0,False,0.4,0.3,0.2,0.1
1788269496.011,999,zstd,3,transmit,0.076,1.2,0.05,42.0,25.0,1000.0,False,0.4,0.3,0.2,0.1
1788269498.306,999,zstd,3,transmit,0.076,1.2,0.05,42.0,25.0,1000.0,False,0.4,0.3,0.2,0.1
1788269500.583,999,zstd,3,transmit,0.076,1.2,0.05,42.0,25.0,1000.0,False,0.4,0.3,0.2,0.1
1788269502.867,999,zstd,3,transmit,0.076,1.2,0.05,42.0,25.0,1000.0,False,0.4,0.3,0.2,0.1
1788269505.145,999,zstd,3,transmit,0.076,1.2,0.05,42.0,25.0,1000.0,False,0.4,0.3,0.2,0.1
1788269507.413,999,zstd,3,transmit,0.076,1.2,0.05,42.0,25.0,1000.0,False,0.4,0.3,0.2,0.1
1788269509.685,999,zstd,3,transmit,0.076,1.2,0.05,42.0,25.0,1000.0,False,0.4,0.3,0.2,0.1
1788269511.997,999,zstd,3,transmit,0.076,1.2,0.05,42.0,25.0,1000.0,False,0.4,0.3,0.2,0.1
1788269514.293,999,zstd,3,transmit,0.076,1.2,0.05,42.0,25.0,1000.0,False,0.4,0.3,0.2,0.1
1788269516.607,999,zstd,3,transmit,0.076,1.2,0.05,42.0,25.0,1000.0,False,0.4,0.3,0.2,0.1
1788269518.894,999,zstd,3,transmit,0.076,1.2,0.05,42.0,25.0,1000.0,False,0.4,0.3,0.2,0.1
1788269521.208,999,zstd,3,transmit,0.076,1.2,0.05,42.0,25.0,1000.0,False,0.4,0.3,0.2,0.1
1788269523.55,999,zstd,3,transmit,0.076,1.2,0.05,42.0,25.0,1000.0,False,0.4,0.3,0.2,0.1
1788269525.848,999,zstd,3,transmit,0.076,1.2,0.05,42.0,25.0,1000.0,False,0.4,0.3,0.2,0.1
1788269528.165,999,zstd,3,transmit,0.076,1.2,0.05,42.0,25.0,1000.0,False,0.4,0.3,0.2,0.1
1788269530.572,999,zstd,3,transmit,0.076,1.2,0.05,42.0,25.0,1000.0,False,0.4,0.3,0.2,0.1
1788269532.98,999,zstd,3,transmit,0.076,1.2,0.05,42.0,25.0,1000.0,False,0.4,0.3,0.2,0.1
1788269535.418,999,zstd,3,transmit,0.076,1.2,0.05,42.0,25.0,1000.0,False,0.4,0.3,0.2,0.1
1788269537.849,999,zstd,3,transmit,0.076,1.2,0.05,42.0,25.0,1000.0,False,0.4,0.3,0.2,0.1
1788269540.271,999,zstd,3,transmit,0.076,1.2,0.05,42.0,25.0,1000.0,False,0.4,0.3,0.2,0.1
1788269542.668,999,zstd,3,transmit,0.076,1.2,0.05,42.0,25.0,1000.0,False,0.4,0.3,0.2,0.1
1788269545.107,999,zstd,3,transmit,0.076,1.2,0.05,42.0,25.0,1000.0,False,0.4,0.3,0.2,0.1
1788269547.616,999,zstd,3,transmit,0.076,1.2,0.05,42.0,25.0,1000.0,False,0.4,0.3,0.2,0.1
1788269550.077,999,zstd,3,transmit,0.076,1.2,0.05,42.0,25.0,1000.0,False,0.4,0.3,0.2,0.1
1788269552.499,999,zstd,3,transmit,0.076,1.2,0.05,42.0,25.0,1000.0,False,0.4,0.3,0.2,0.1
1788269554.882,999,zstd,3,transmit,0.076,1.2,0.05,42.0,25.0,1000.0,False,0.4,0.3,0.2,0.1
1788269557.36,999,zstd,3,transmit,0.076,1.2,0.05,42.0,25.0,1000.0,False,0.4,0.3,0.2,0.1
1788269559.813,999,zstd,3,transmit,0.076,1.2,0.05,42.0,25.0,1000.0,False,0.4,0.3,0.2,0.1
1788269562.149,999,zstd,3,transmit,0.076,1.2,0.05,42.0,25.0,1000.0,False,0.4,0.3,0.2,0.1
1788269564.532,999,zstd,3,transmit,0.076,1.2,0.05,42.0,25.0,1000.0,False,0.4,0.3,0.2,0.1
1788269566.859,999,zstd,3,transmit,0.076,1.2,0.05,42.0,25.0,1000.0,False,0.4,0.3,0.2,0.1
1788269569.238,999,zstd,3,transmit,0.076,1.2,0.05,42.0,25.0,1000.0,False,0.4,0.3,0.2,0.1
1788269571.625,999,zstd,3,transmit,0.076,1.2,0.05,42.0,25.0,1000.0,False,0.4,0.3,0.2,0.1
1788269573.998,999,zstd,3,transmit,0.076,1.2,0.05,42.0,25.0,1000.0,False,0.4,0.3,0.2,0.1
1788269576.41,999,zstd,3,transmit,0.076,1.2,0.05,42.0,25.0,1000.0,False,0.4,0.3,0.2,0.1
1788269578.861,999,zstd,3,transmit,0.076,1.2,0.05,42.0,25.0,1000.0,False,0.4,0.3,0.2,0.1
1788269581.328,999,zstd,3,transmit,0.076,1.2,0.05,42.0,25.0,1000.0,False,0.4,0.3,0.2,0.1
1788269583.699,999,zstd,3,transmit,0.076,1.2,0.05,42.0,25.0,1000.0,False,0.4,0.3,0.2,0.1
1788269586.075,999,zstd,3,transmit,0.076,1.2,0.05,42.0,25.0,1000.0,False,0.4,0.3,0.2,0.1
1788269588.409,999,zstd,3,transmit,0.076,1.2,0.05,42.0,25.0,1000.0,False,0.4,0.3,0.2,0.1
1788269590.743,999,zstd,3,transmit,0.076,1.2,0.05,42.0,25.0,1000.0,False,0.4,0.3,0.2,0.1
1788269593.063,999,zstd,3,transmit,0.076,1.2,0.05,42.0,25.0,1000.0,False,0.4,0.3,0.2,0.1
1788269595.467,999,zstd,3,transmit,0.076,1.2,0.05,42.0,25.0,1000.0,False,0.4,0.3,0.2,0.1
1788269597.853,999,zstd,3,transmit,0.076,1.2,0.05,42.0,25.0,1000.0,False,0.4,0.3,0.2,0.1
1788269600.259,999,zstd,3,transmit,0.076,1.2,0.05,42.0,25.0,1000.0,False,0.4,0.3,0.2,0.1
1788269602.628,999,zstd,3,transmit,0.076,1.2,0.05,42.0,25.0,1000.0,False,0.4,0.3,0.2,0.1
1788269605.02,999,zstd,3,transmit,0.076,1.2,0.05,42.0,25.0,1000.0,False,0.4,0.3,0.2,0.1
1788269607.459,999,zstd,3,transmit,0.076,1.2,0.05,42.0,25.0,1000.0,False,0.4,0.3,0.2,0.1
1788269609.83,999,zstd,3,transmit,0.076,1.2,0.05,42.0,25.0,1000.0,False,0.4,0.3,0.2,0.1
1788269612.153,999,zstd,3,transmit,0.076,1.2,0.05,42.0,25.0,1000.0,False,0.4,0.3,0.2,0.1
1788269614.504,999,zstd,3,transmit,0.076,1.2,0.05,42.0,25.0,1000.0,False,0.4,0.3,0.2,0.1
1788269616.812,999,zstd,3,transmit,0.076,1.2,0.05,42.0,25.0,1000.0,False,0.4,0.3,0.2,0.1
1788269619.136,999,zstd,3,transmit,0.076,1.2,0.05,42.0,25.0,1000.0,False,0.4,0.3,0.2,0.1
1788269621.452,999,zstd,3,transmit,0.076,1.2,0.05,42.0,25.0,1000.0,False,0.4,0.3,0.2,0.1
1788269623.792,999,zstd,3,transmit,0.076,1.2,0.05,42.0,25.0,1000.0,False,0.4,0.3,0.2,0.1
1788269626.133,999,zstd,3,transmit,0.076,1.2,0.05,42.0,25.0,1000.0,False,0.4,0.3,0.2,0.1
1788269628.436,999,zstd,3,transmit,0.076,1.2,0.05,42.0,25.0,1000.0,False,0.4,0.3,0.2,0.1
1788269630.767,999,zstd,3,transmit,0.076,1.2,0.05,42.0,25.0,1000.0,False,0.4,0.3,0.2,0.1
1788269633.089,999,zstd,3,transmit,0.076,1.2,0.05,42.0,25.0,1000.0,False,0.4,0.3,0.2,0.1
1788269635.388,999,zstd,3,transmit,0.076,1.2,0.05,42.0,25.0,1000.0,False,0.4,0.3,0.2,0.1
1788269637.689,999,zstd,3,transmit,0.076,1.2,0.05,42.0,25.0,1000.0,False,0.4,0.3,0.2,0.1
1788269640.005,999,zstd,3,transmit,0.076,1.2,0.05,42.0,25.0,1000.0,False,0.4,0.3,0.2,0.1
1788269642.356,999,zstd,3,transmit,0.076,1.2,0.05,42.0,25.0,1000.0,False,0.4,0.3,0.2,0.1
1788269644.653,999,zstd,3,transmit,0.076,1.2,0.05,42.0,25.0,1000.0,False,0.4,0.3,0.2,0.1
1788269647.004,999,zstd,3,transmit,0.076,1.2,0.05,42.0,25.0,1000.0,False,0.4,0.3,0.2,0.1
1788269649.306,999,zstd,3,transmit,0.076,1.2,0.05,42.0,25.0,1000.0,False,0.4,0.3,0.2,0.1
1788269651.636,999,zstd,3,transmit,0.076,1.2,0.05,42.0,25.0,1000.0,False,0.4,0.3,0.2,0.1
1788269692.484,999,zstd,3,transmit,0.235,1.2,0.05,42.0,25.0,1000.0,False,0.4,0.3,0.2,0.1
1788269695.844,999,zstd,3,transmit,0.235,1.2,0.05,42.0,25.0,1000.0,False,0.4,0.3,0.2,0.1
1788269698.884,999,zstd,3,transmit,0.235,1.2,0.05,42.0,25.0,1000.0,False,0.4,0.3,0.2,0.1
1788269698.885,999,zstd,3,transmit,0.235,1.2,0.05,42.0,25.0,1000.0,False,0.4,0.3,0.2,0.1
1788269701.441,999,zstd,3,transmit,0.235,1.2,0.05,42.0,25.0,1000.0,False,0.4,0.3,0.2,0.1
1788269701.442,999,zstd,3,transmit,0.235,1.2,0.05,42.0,25.0,1000.0,False,0.4,0.3,0.2,0.1
1788269704.035,999,zstd,3,transmit,0.235,1.2,0.05,42.0,25.0,1000.0,False,0.4,0.3,0.2,0.1
1788269704.036,999,zstd,3,transmit,0.235,1.2,0.05,42.0,25.0,1000.0,False,0.4,0.3,0.2,0.1
1788269706.608,999,zstd,3,transmit,0.235,1.2,0.05,42.0,25.0,1000.0,False,0.4,0.3,0.2,0.1
1788269706.611,999,zstd,3,transmit,0.235,1.2,0.05,42.0,25.0,1000.0,False,0.4,0.3,0.2,0.1
1788269709.252,999,zstd,3,transmit,0.235,1.2,0.05,42.0,25.0,1000.0,False,0.4,0.3,0.2,0.1
1788269709.255,999,zstd,3,transmit,0.235,1.2,0.05,42.0,25.0,1000.0,False,0.4,0.3,0.2,0.1
1788269711.864,999,zstd,3,transmit,0.235,1.2,0.05,42.0,25.0,1000.0,False,0.4,0.3,0.2,0.1
1788269711.865,999,zstd,3,transmit,0.235,1.2,0.05,42.0,25.0,1000.0,False,0.4,0.3,0.2,0.1
1788269714.478,999,zstd,3,transmit,0.235,1.2,0.05,42.0,25.0,1000.0,False,0.4,0.3,0.2,0.1
1788269714.479,999,zstd,3,transmit,0.235,1.2,0.05,42.0,25.0,1000.0,False,0.4,0.3,0.2,0.1
1788269717.133,999,zstd,3,transmit,0.235,1.2,0.05,42.0,25.0,1000.0,False,0.4,0.3,0.2,0.1
1788269717.134,999,zstd,3,transmit,0.235,1.2,0.05,42.0,25.0,1000.0,False,0.4,0.3,0.2,0.1
1788269719.777,999,zstd,3,transmit,0.235,1.2,0.05,42.0,25.0,1000.0,False,0.4,0.3,0.2,0.1
1788269719.779,999,zstd,3,transmit,0.235,1.2,0.05,42.0,25.0,1000.0,False,0.4,0.3,0.2,0.1
1788269722.438,999,zstd,3,transmit,0.235,1.2,0.05,42.0,25.0,1000.0,False,0.4,0.3,0.2,0.1
1788269722.438,999,zstd,3,transmit,0.235,1.2,0.05,42.0,25.0,1000.0,False,0.4,0.3,0.2,0.1
1788269725.08,999,zstd,3,transmit,0.235,1.2,0.05,42.0,25.0,1000.0,False,0.4,0.3,0.2,0.1
1788269725.081,999,zstd,3,transmit,0.235,1.2,0.05,42.0,25.0,1000.0,False,0.4,0.3,0.2,0.1
1788269727.749,999,zstd,3,transmit,0.235,1.2,0.05,42.0,25.0,1000.0,False,0.4,0.3,0.2,0.1
1788269727.751,999,zstd,3,transmit,0.235,1.2,0.05,42.0,25.0,1000.0,False,0.4,0.3,0.2,0.1
1788269730.383,999,zstd,3,transmit,0.235,1.2,0.05,42.0,25.0,1000.0,False,0.4,0.3,0.2,0.1
1788269730.386,999,zstd,3,transmit,0.235,1.2,0.05,42.0,25.0,1000.0,False,0.4,0.3,0.2,0.1
1788269733.034,999,zstd,3,transmit,0.235,1.2,0.05,42.0,25.0,1000.0,False,0.4,0.3,0.2,0.1
1788269733.035,999,zstd,3,transmit,0.235,1.2,0.05,42.0,25.0,1000.0,False,0.4,0.3,0.2,0.1
1788269735.678,999,zstd,3,transmit,0.235,1.2,0.05,42.0,25.0,1000.0,False,0.4,0.3,0.2,0.1
1788269735.678,999,zstd,3,transmit,0.235,1.2,0.05,42.0,25.0,1000.0,False,0.4,0.3,0.2,0.1
1788269738.273,999,zstd,3,transmit,0.235,1.2,0.05,42.0,25.0,1000.0,False,0.4,0.3,0.2,0.1
1788269738.274,999,zstd,3,transmit,0.235,1.2,0.05,42.0,25.0,1000.0,False,0.4,0.3,0.2,0.1
1788269740.81,999,zstd,3,transmit,0.235,1.2,0.05,42.0,25.0,1000.0,False,0.4,0.3,0.2,0.1
1788269740.81,999,zstd,3,transmit,0.235,1.2,0.05,42.0,25.0,1000.0,False,0.4,0.3,0.2,0.1
1788269743.394,999,zstd,3,transmit,0.235,1.2,0.05,42.0,25.0,1000.0,False,0.4,0.3,0.2,0.1
1788269743.394,999,zstd,3,transmit,0.235,1.2,0.05,42.0,25.0,1000.0,False,0.4,0.3,0.2,0.1
1788269745.974,999,zstd,3,transmit,0.235,1.2,0.05,42.0,25.0,1000.0,False,0.4,0.3,0.2,0.1
1788269745.975,999,zstd,3,transmit,0.235,1.2,0.05,42.0,25.0,1000.0,False,0.4,0.3,0.2,0.1
1788269748.557,999,zstd,3,transmit,0.235,1.2,0.05,42.0,25.0,1000.0,False,0.4,0.3,0.2,0.1
1788269748.557,999,zstd,3,transmit,0.235,1.2,0.05,42.0,25.0,1000.0,False,0.4,0.3,0.2,0.1
1788269751.14,999,zstd,3,transmit,0.235,1.2,0.05,42.0,25.0,1000.0,False,0.4,0.3,0.2,0.1
1788269838.412,3,zstd,3,transmit,0.1035,2.3219,486.0664,37.74,15.56,1000.0,True,0.4,0.3,0.2,0.1
1788269839.166,999,zstd,3,transmit,0.235,1.2,0.05,42.0,25.0,1000.0,False,0.4,0.3,0.2,0.1
1788269844.316,4,zstd,3,transmit,0.1035,2.3219,437.7784,37.86,16.11,1000.0,True,0.4,0.3,0.2,0.1
1788269845.15,999,zstd,3,transmit,0.235,1.2,0.05,42.0,25.0,1000.0,False,0.4,0.3,0.2,0.1
1788269847.527,999,zstd,3,transmit,0.235,1.2,0.05,42.0,25.0,1000.0,False,0.4,0.3,0.2,0.1
1788269850.18,5,zstd,3,transmit,0.1035,2.3219,485.1476,38.2,11.95,1000.0,False,0.4,0.3,0.2,0.1
1788269849.949,999,zstd,3,transmit,0.235,1.2,0.05,42.0,25.0,1000.0,False,0.4,0.3,0.2,0.1
1788269852.346,999,zstd,3,transmit,0.235,1.2,0.05,42.0,25.0,1000.0,False,0.4,0.3,0.2,0.1
1788269854.696,999,zstd,3,transmit,0.235,1.2,0.05,42.0,25.0,1000.0,False,0.4,0.3,0.2,0.1
1788269856.107,6,zstd,3,transmit,0.1035,2.3219,483.5334,38.64,10.58,1000.0,True,0.4,0.3,0.2,0.1
1788269857.113,999,zstd,3,transmit,0.235,1.2,0.05,42.0,25.0,1000.0,False,0.4,0.3,0.2,0.1
1788269859.532,999,zstd,3,transmit,0.235,1.2,0.05,42.0,25.0,1000.0,False,0.4,0.3,0.2,0.1
1788269861.976,7,zstd,3,transmit,0.1035,2.3219,476.4296,38.54,9.87,1000.0,True,0.4,0.3,0.2,0.1
1788269861.908,999,zstd,3,transmit,0.235,1.2,0.05,42.0,25.0,1000.0,False,0.4,0.3,0.2,0.1
1788269864.32,999,zstd,3,transmit,0.235,1.2,0.05,42.0,25.0,1000.0,False,0.4,0.3,0.2,0.1
1788269866.715,999,zstd,3,transmit,0.235,1.2,0.05,42.0,25.0,1000.0,False,0.4,0.3,0.2,0.1
1788269867.919,8,zstd,3,transmit,0.1035,2.3219,442.6304,38.57,11.45,1000.0,True,0.4,0.3,0.2,0.1
1788269869.106,999,zstd,3,transmit,0.235,1.2,0.05,42.0,25.0,1000.0,False,0.4,0.3,0.2,0.1
1788269871.479,999,zstd,3,transmit,0.235,1.2,0.05,42.0,25.0,1000.0,False,0.4,0.3,0.2,0.1
1788269873.755,9,zstd,3,transmit,0.1035,2.3219,475.0103,38.59,9.47,1000.0,False,0.4,0.3,0.2,0.1
1788269873.845,999,zstd,3,transmit,0.235,1.2,0.05,42.0,25.0,1000.0,False,0.4,0.3,0.2,0.1
1788269876.175,999,zstd,3,transmit,0.235,1.2,0.05,42.0,25.0,1000.0,False,0.4,0.3,0.2,0.1
1788269878.489,999,zstd,3,transmit,0.235,1.2,0.05,42.0,25.0,1000.0,False,0.4,0.3,0.2,0.1
1788269879.596,10,zstd,3,transmit,0.1035,2.3219,485.528,38.6,8.34,1000.0,False,0.4,0.3,0.2,0.1
1788269880.802,999,zstd,3,transmit,0.235,1.2,0.05,42.0,25.0,1000.0,False,0.4,0.3,0.2,0.1
1788269883.132,999,zstd,3,transmit,0.235,1.2,0.05,42.0,25.0,1000.0,False,0.4,0.3,0.2,0.1
1788269885.441,11,zstd,3,transmit,0.1035,2.3219,507.6465,38.6,8.13,1000.0,False,0.4,0.3,0.2,0.1
1788269885.466,999,zstd,3,transmit,0.235,1.2,0.05,42.0,25.0,1000.0,False,0.4,0.3,0.2,0.1
1788269887.779,999,zstd,3,transmit,0.235,1.2,0.05,42.0,25.0,1000.0,False,0.4,0.3,0.2,0.1
1788269890.102,999,zstd,3,transmit,0.235,1.2,0.05,42.0,25.0,1000.0,False,0.4,0.3,0.2,0.1
1788269891.352,12,zstd,3,transmit,0.1035,2.3219,493.1064,37.81,8.29,1000.0,False,0.4,0.3,0.2,0.1
1788269892.424,999,zstd,3,transmit,0.235,1.2,0.05,42.0,25.0,1000.0,False,0.4,0.3,0.2,0.1
1788269894.737,999,zstd,3,transmit,0.235,1.2,0.05,42.0,25.0,1000.0,False,0.4,0.3,0.2,0.1
1788269897.204,13,zstd,3,transmit,0.1035,2.3219,490.5122,37.84,8.12,1000.0,False,0.4,0.3,0.2,0.1
1788269897.063,999,zstd,3,transmit,0.235,1.2,0.05,42.0,25.0,1000.0,False,0.4,0.3,0.2,0.1
1788269899.403,999,zstd,3,transmit,0.235,1.2,0.05,42.0,25.0,1000.0,False,0.4,0.3,0.2,0.1
1788269901.712,999,zstd,3,transmit,0.235,1.2,0.05,42.0,25.0,1000.0,False,0.4,0.3,0.2,0.1
1788269903.125,14,zstd,3,transmit,0.1035,2.3219,444.6889,37.76,10.82,1000.0,False,0.4,0.3,0.2,0.1
1788269904.018,999,zstd,3,transmit,0.235,1.2,0.05,42.0,25.0,1000.0,False,0.4,0.3,0.2,0.1
1788269906.328,999,zstd,3,transmit,0.235,1.2,0.05,42.0,25.0,1000.0,False,0.4,0.3,0.2,0.1
1788269908.971,15,zstd,3,transmit,0.1035,2.3219,482.8853,37.7,8.42,1000.0,False,0.4,0.3,0.2,0.1
1788269908.636,999,zstd,3,transmit,0.235,1.2,0.05,42.0,25.0,1000.0,False,0.4,0.3,0.2,0.1
1788269911.005,999,zstd,3,transmit,0.235,1.2,0.05,42.0,25.0,1000.0,False,0.4,0.3,0.2,0.1
1788269913.347,999,zstd,3,transmit,0.235,1.2,0.05,42.0,25.0,1000.0,False,0.4,0.3,0.2,0.1
1788269914.917,16,zstd,3,transmit,0.1035,2.3219,439.5104,37.36,11.02,1000.0,True,0.4,0.3,0.2,0.1
1788269915.714,999,zstd,3,transmit,0.235,1.2,0.05,42.0,25.0,1000.0,False,0.4,0.3,0.2,0.1
1788269918.053,999,zstd,3,transmit,0.235,1.2,0.05,42.0,25.0,1000.0,False,0.4,0.3,0.2,0.1
1788269920.393,999,zstd,3,transmit,0.235,1.2,0.05,42.0,25.0,1000.0,False,0.4,0.3,0.2,0.1
1788269920.862,17,zstd,3,transmit,0.1035,2.3219,481.9336,37.79,8.69,1000.0,True,0.4,0.3,0.2,0.1
1788269922.747,999,zstd,3,transmit,0.235,1.2,0.05,42.0,25.0,1000.0,False,0.4,0.3,0.2,0.1
1788269925.057,999,zstd,3,transmit,0.235,1.2,0.05,42.0,25.0,1000.0,False,0.4,0.3,0.2,0.1
1788269926.783,18,zstd,3,transmit,0.1035,2.3219,442.7017,38.14,11.34,1000.0,False,0.4,0.3,0.2,0.1
1788269927.371,999,zstd,3,transmit,0.235,1.2,0.05,42.0,25.0,1000.0,False,0.4,0.3,0.2,0.1
1788269929.69,999,zstd,3,transmit,0.235,1.2,0.05,42.0,25.0,1000.0,False,0.4,0.3,0.2,0.1
1788269932.035,999,zstd,3,transmit,0.235,1.2,0.05,42.0,25.0,1000.0,False,0.4,0.3,0.2,0.1
1788269932.672,19,zstd,3,transmit,0.1035,2.3219,485.66,38.29,8.96,1000.0,True,0.4,0.3,0.2,0.1
1788269934.35,999,zstd,3,transmit,0.235,1.2,0.05,42.0,25.0,1000.0,False,0.4,0.3,0.2,0.1
1788269936.686,999,zstd,3,transmit,0.235,1.2,0.05,42.0,25.0,1000.0,False,0.4,0.3,0.2,0.1
1788269938.547,20,zstd,3,transmit,0.1035,2.3219,488.6824,38.7,8.5,1000.0,True,0.4,0.3,0.2,0.1
1788269939.011,999,zstd,3,transmit,0.235,1.2,0.05,42.0,25.0,1000.0,False,0.4,0.3,0.2,0.1
1788269941.335,999,zstd,3,transmit,0.235,1.2,0.05,42.0,25.0,1000.0,False,0.4,0.3,0.2,0.1
1788269943.68,999,zstd,3,transmit,0.235,1.2,0.05,42.0,25.0,1000.0,False,0.4,0.3,0.2,0.1
1788269944.424,21,zstd,3,transmit,0.1035,2.3219,488.5144,38.57,8.05,1000.0,True,0.4,0.3,0.2,0.1
1788269946.031,999,zstd,3,transmit,0.235,1.2,0.05,42.0,25.0,1000.0,False,0.4,0.3,0.2,0.1
1788269948.358,999,zstd,3,transmit,0.235,1.2,0.05,42.0,25.0,1000.0,False,0.4,0.3,0.2,0.1
1788269950.296,22,zstd,3,transmit,0.1035,2.3219,447.2576,38.89,11.13,1000.0,True,0.4,0.3,0.2,0.1
1788269950.698,999,zstd,3,transmit,0.235,1.2,0.05,42.0,25.0,1000.0,False,0.4,0.3,0.2,0.1
1788269953.105,999,zstd,3,transmit,0.235,1.2,0.05,42.0,25.0,1000.0,False,0.4,0.3,0.2,0.1
1788269955.453,999,zstd,3,transmit,0.235,1.2,0.05,42.0,25.0,1000.0,False,0.4,0.3,0.2,0.1
1788269956.247,23,zstd,3,transmit,0.1035,2.3219,492.5344,39.0,8.59,1000.0,True,0.4,0.3,0.2,0.1
1788269957.761,999,zstd,3,transmit,0.235,1.2,0.05,42.0,25.0,1000.0,False,0.4,0.3,0.2,0.1
1788269960.078,999,zstd,3,transmit,0.235,1.2,0.05,42.0,25.0,1000.0,False,0.4,0.3,0.2,0.1
1788269962.121,24,zstd,3,transmit,0.1035,2.3219,489.5416,39.32,8.6,1000.0,True,0.4,0.3,0.2,0.1
1788269962.388,999,zstd,3,transmit,0.235,1.2,0.05,42.0,25.0,1000.0,False,0.4,0.3,0.2,0.1
1788269964.713,999,zstd,3,transmit,0.235,1.2,0.05,42.0,25.0,1000.0,False,0.4,0.3,0.2,0.1
1788269967.026,999,zstd,3,transmit,0.235,1.2,0.05,42.0,25.0,1000.0,False,0.4,0.3,0.2,0.1
1788269968.047,25,zstd,3,transmit,0.1035,2.3219,450.2757,39.21,11.08,1000.0,True,0.4,0.3,0.2,0.1
1788269969.344,999,zstd,3,transmit,0.235,1.2,0.05,42.0,25.0,1000.0,False,0.4,0.3,0.2,0.1
1788269971.679,999,zstd,3,transmit,0.235,1.2,0.05,42.0,25.0,1000.0,False,0.4,0.3,0.2,0.1
1788269973.885,26,zstd,3,transmit,0.1035,2.3219,489.0043,39.21,9.06,1000.0,False,0.4,0.3,0.2,0.1
1788269973.997,999,zstd,3,transmit,0.235,1.2,0.05,42.0,25.0,1000.0,False,0.4,0.3,0.2,0.1
1788269976.367,999,zstd,3,transmit,0.235,1.2,0.05,42.0,25.0,1000.0,False,0.4,0.3,0.2,0.1
1788269978.749,999,zstd,3,transmit,0.235,1.2,0.05,42.0,25.0,1000.0,False,0.4,0.3,0.2,0.1
1788269979.756,27,zstd,3,transmit,0.1035,2.3219,454.1771,39.46,11.44,1000.0,False,0.4,0.3,0.2,0.1
1788269981.104,999,zstd,3,transmit,0.235,1.2,0.05,42.0,25.0,1000.0,False,0.4,0.3,0.2,0.1
1788269983.496,999,zstd,3,transmit,0.235,1.2,0.05,42.0,25.0,1000.0,False,0.4,0.3,0.2,0.1
1788269985.628,28,zstd,3,transmit,0.1035,2.3219,491.6856,39.3,9.15,1000.0,True,0.4,0.3,0.2,0.1
1788269985.816,999,zstd,3,transmit,0.235,1.2,0.05,42.0,25.0,1000.0,False,0.4,0.3,0.2,0.1
1788269988.137,999,zstd,3,transmit,0.235,1.2,0.05,42.0,25.0,1000.0,False,0.4,0.3,0.2,0.1
1788269990.475,999,zstd,3,transmit,0.235,1.2,0.05,42.0,25.0,1000.0,False,0.4,0.3,0.2,0.1
1788269991.562,29,zstd,3,transmit,0.1035,2.3219,503.8664,39.52,8.35,1000.0,True,0.4,0.3,0.2,0.1
1788269992.866,999,zstd,3,transmit,0.235,1.2,0.05,42.0,25.0,1000.0,False,0.4,0.3,0.2,0.1
1788269995.254,999,zstd,3,transmit,0.235,1.2,0.05,42.0,25.0,1000.0,False,0.4,0.3,0.2,0.1
1788269997.436,30,zstd,3,transmit,0.1035,2.3219,491.3976,39.34,8.54,1000.0,True,0.4,0.3,0.2,0.1
1788269997.596,999,zstd,3,transmit,0.235,1.2,0.05,42.0,25.0,1000.0,False,0.4,0.3,0.2,0.1
1788269999.98,999,zstd,3,transmit,0.235,1.2,0.05,42.0,25.0,1000.0,False,0.4,0.3,0.2,0.1
1788270002.352,999,zstd,3,transmit,0.235,1.2,0.05,42.0,25.0,1000.0,False,0.4,0.3,0.2,0.1
1788270003.381,31,zstd,3,transmit,0.1035,2.3219,503.3584,39.54,7.65,1000.0,True,0.4,0.3,0.2,0.1
1788270004.685,999,zstd,3,transmit,0.235,1.2,0.05,42.0,25.0,1000.0,False,0.4,0.3,0.2,0.1
1788270007.068,999,zstd,3,transmit,0.235,1.2,0.05,42.0,25.0,1000.0,False,0.4,0.3,0.2,0.1
1788270009.251,32,zstd,3,transmit,0.1035,2.3219,492.484,39.6,8.12,1000.0,True,0.4,0.3,0.2,0.1
1788270009.442,999,zstd,3,transmit,0.235,1.2,0.05,42.0,25.0,1000.0,False,0.4,0.3,0.2,0.1
1788270011.846,999,zstd,3,transmit,0.235,1.2,0.05,42.0,25.0,1000.0,False,0.4,0.3,0.2,0.1
1788270014.162,999,zstd,3,transmit,0.235,1.2,0.05,42.0,25.0,1000.0,False,0.4,0.3,0.2,0.1
1788270015.115,33,zstd,3,transmit,0.1035,2.3219,456.5144,39.64,10.67,1000.0,True,0.4,0.3,0.2,0.1
1788270016.541,999,zstd,3,transmit,0.235,1.2,0.05,42.0,25.0,1000.0,False,0.4,0.3,0.2,0.1
1788270018.947,999,zstd,3,transmit,0.235,1.2,0.05,42.0,25.0,1000.0,False,0.4,0.3,0.2,0.1
1788270020.988,34,zstd,3,transmit,0.1035,2.3219,480.3664,38.86,9.25,1000.0,True,0.4,0.3,0.2,0.1
1788270021.304,999,zstd,3,transmit,0.235,1.2,0.05,42.0,25.0,1000.0,False,0.4,0.3,0.2,0.1
1788270023.681,999,zstd,3,transmit,0.235,1.2,0.05,42.0,25.0,1000.0,False,0.4,0.3,0.2,0.1
1788270026.032,999,zstd,3,transmit,0.235,1.2,0.05,42.0,25.0,1000.0,False,0.4,0.3,0.2,0.1
1788270026.872,35,zstd,3,transmit,0.1035,2.3219,492.2704,38.86,8.52,1000.0,True,0.4,0.3,0.2,0.1
1788270028.385,999,zstd,3,transmit,0.235,1.2,0.05,42.0,25.0,1000.0,False,0.4,0.3,0.2,0.1
1788270030.778,999,zstd,3,transmit,0.235,1.2,0.05,42.0,25.0,1000.0,False,0.4,0.3,0.2,0.1
1788270032.778,36,zstd,3,transmit,0.1035,2.3219,1021.0486,39.32,8.36,1000.0,False,0.4,0.3,0.2,0.1
1788270033.121,999,zstd,3,transmit,0.235,1.2,0.05,42.0,25.0,1000.0,False,0.4,0.3,0.2,0.1
1788270035.497,999,zstd,3,transmit,0.235,1.2,0.05,42.0,25.0,1000.0,False,0.4,0.3,0.2,0.1
1788270037.856,999,zstd,3,transmit,0.235,1.2,0.05,42.0,25.0,1000.0,False,0.4,0.3,0.2,0.1
1788270038.639,37,zstd,3,transmit,0.1035,2.3219,1158.968,39.44,11.0,1000.0,True,0.4,0.3,0.2,0.1
1788270040.235,999,zstd,3,transmit,0.235,1.2,0.05,42.0,25.0,1000.0,False,0.4,0.3,0.2,0.1
1788270042.617,999,zstd,3,transmit,0.235,1.2,0.05,42.0,25.0,1000.0,False,0.4,0.3,0.2,0.1
1788270044.58,38,zstd,3,transmit,0.1035,2.3219,1217.2184,39.28,9.25,1000.0,True,0.4,0.3,0.2,0.1
1788270044.992,999,zstd,3,transmit,0.235,1.2,0.05,42.0,25.0,1000.0,False,0.4,0.3,0.2,0.1
1788270047.383,999,zstd,3,transmit,0.235,1.2,0.05,42.0,25.0,1000.0,False,0.4,0.3,0.2,0.1
1788270049.774,999,zstd,3,transmit,0.235,1.2,0.05,42.0,25.0,1000.0,False,0.4,0.3,0.2,0.1
1788270052.138,999,zstd,3,transmit,0.235,1.2,0.05,42.0,25.0,1000.0,False,0.4,0.3,0.2,0.1
1788270054.495,999,zstd,3,transmit,0.235,1.2,0.05,42.0,25.0,1000.0,False,0.4,0.3,0.2,0.1
1788270057.285,40,zstd,3,transmit,0.1675,1.9219,1252.3464,39.57,7.34,1000.0,True,0.4,0.3,0.2,0.1
1788270056.911,999,zstd,3,transmit,0.235,1.2,0.05,42.0,25.0,1000.0,False,0.4,0.3,0.2,0.1
1788270059.316,999,zstd,3,transmit,0.235,1.2,0.05,42.0,25.0,1000.0,False,0.4,0.3,0.2,0.1
1788270061.726,999,zstd,3,transmit,0.235,1.2,0.05,42.0,25.0,1000.0,False,0.4,0.3,0.2,0.1
1788270063.156,41,zstd,3,transmit,0.1035,2.3219,1173.1304,39.62,10.63,1000.0,True,0.4,0.3,0.2,0.1
1788270064.099,999,zstd,3,transmit,0.235,1.2,0.05,42.0,25.0,1000.0,False,0.4,0.3,0.2,0.1
1788270066.483,999,zstd,3,transmit,0.235,1.2,0.05,42.0,25.0,1000.0,False,0.4,0.3,0.2,0.1
1788270069.046,42,zstd,3,transmit,0.1675,1.9219,1244.7144,39.65,8.21,1000.0,True,0.4,0.3,0.2,0.1
1788270068.852,999,zstd,3,transmit,0.235,1.2,0.05,42.0,25.0,1000.0,False,0.4,0.3,0.2,0.1
1788270071.226,999,zstd,3,transmit,0.235,1.2,0.05,42.0,25.0,1000.0,False,0.4,0.3,0.2,0.1
1788270073.642,999,zstd,3,transmit,0.235,1.2,0.05,42.0,25.0,1000.0,False,0.4,0.3,0.2,0.1
1788270074.896,43,zstd,3,transmit,0.1035,2.3219,1229.7367,39.67,8.35,1000.0,False,0.4,0.3,0.2,0.1
1788270076.039,999,zstd,3,transmit,0.235,1.2,0.05,42.0,25.0,1000.0,False,0.4,0.3,0.2,0.1
1788270078.433,999,zstd,3,transmit,0.235,1.2,0.05,42.0,25.0,1000.0,False,0.4,0.3,0.2,0.1
1788270080.811,44,zstd,3,transmit,0.1675,1.9219,1245.1144,39.43,7.68,1000.0,True,0.4,0.3,0.2,0.1
1788270080.822,999,zstd,3,transmit,0.235,1.2,0.05,42.0,25.0,1000.0,False,0.4,0.3,0.2,0.1
1788270083.138,999,zstd,3,transmit,0.235,1.2,0.05,42.0,25.0,1000.0,False,0.4,0.3,0.2,0.1
1788270085.465,999,zstd,3,transmit,0.235,1.2,0.05,42.0,25.0,1000.0,False,0.4,0.3,0.2,0.1
1788270086.76,45,zstd,3,transmit,0.1675,1.9219,1245.2816,39.35,7.46,1000.0,True,0.4,0.3,0.2,0.1
1788270087.781,999,zstd,3,transmit,0.235,1.2,0.05,42.0,25.0,1000.0,False,0.4,0.3,0.2,0.1
1788270090.116,999,zstd,3,transmit,0.235,1.2,0.05,42.0,25.0,1000.0,False,0.4,0.3,0.2,0.1
1788270092.6,46,zstd,3,transmit,0.1035,2.3219,1177.0354,39.55,10.69,1000.0,False,0.4,0.3,0.2,0.1
1788270092.437,999,zstd,3,transmit,0.235,1.2,0.05,42.0,25.0,1000.0,False,0.4,0.3,0.2,0.1
1788270094.779,999,zstd,3,transmit,0.235,1.2,0.05,42.0,25.0,1000.0,False,0.4,0.3,0.2,0.1
1788270097.089,999,zstd,3,transmit,0.235,1.2,0.05,42.0,25.0,1000.0,False,0.4,0.3,0.2,0.1
1788270098.543,47,zstd,3,transmit,0.1675,1.9219,1252.2984,39.6,8.19,1000.0,True,0.4,0.3,0.2,0.1
1788270099.388,999,zstd,3,transmit,0.235,1.2,0.05,42.0,25.0,1000.0,False,0.4,0.3,0.2,0.1
1788270101.823,999,zstd,3,transmit,0.235,1.2,0.05,42.0,25.0,1000.0,False,0.4,0.3,0.2,0.1
1788270104.385,48,zstd,3,transmit,0.1035,2.3219,1183.693,39.39,10.99,1000.0,False,0.4,0.3,0.2,0.1
1788270104.233,999,zstd,3,transmit,0.235,1.2,0.05,42.0,25.0,1000.0,False,0.4,0.3,0.2,0.1
1788270106.615,999,zstd,3,transmit,0.235,1.2,0.05,42.0,25.0,1000.0,False,0.4,0.3,0.2,0.1
1788270109.125,999,zstd,3,transmit,0.235,1.2,0.05,42.0,25.0,1000.0,False,0.4,0.3,0.2,0.1
1788270110.256,49,zstd,3,transmit,0.1675,1.9219,1247.4816,39.57,8.78,1000.0,True,0.4,0.3,0.2,0.1
1788270111.756,999,zstd,3,transmit,0.235,1.2,0.05,42.0,25.0,1000.0,False,0.4,0.3,0.2,0.1
1788270114.352,999,zstd,3,transmit,0.235,1.2,0.05,42.0,25.0,1000.0,False,0.4,0.3,0.2,0.1
1788270116.148,50,zstd,3,transmit,0.1035,2.3219,1238.8398,39.62,8.64,1000.0,False,0.4,0.3,0.2,0.1
1788270116.767,999,zstd,3,transmit,0.235,1.2,0.05,42.0,25.0,1000.0,False,0.4,0.3,0.2,0.1
1788270119.215,999,zstd,3,transmit,0.235,1.2,0.05,42.0,25.0,1000.0,False,0.4,0.3,0.2,0.1
1788270122.018,51,zstd,3,transmit,0.1035,2.3219,1184.716,39.9,11.42,1000.0,True,0.4,0.3,0.2,0.1
1788270121.639,999,zstd,3,transmit,0.235,1.2,0.05,42.0,25.0,1000.0,False,0.4,0.3,0.2,0.1
1788270124.038,999,zstd,3,transmit,0.235,1.2,0.05,42.0,25.0,1000.0,False,0.4,0.3,0.2,0.1
1788270126.36,999,zstd,3,transmit,0.235,1.2,0.05,42.0,25.0,1000.0,False,0.4,0.3,0.2,0.1
1788270675.229,2,delta_zlib,6,transmit,0.3783,0.0,0.0,37.85,15.3,1000.0,True,0.4783,0.2609,0.1739,0.087
1788270682.381,3,delta_zlib,6,transmit,0.285,0.9183,110.5089,38.18,15.55,1000.0,True,0.4,0.3,0.2,0.1
1788270689.127,999,zstd,3,transmit,0.235,1.2,0.05,42.0,25.0,1000.0,False,0.4,0.3,0.2,0.1
1788270689.18,4,delta_zlib,6,transmit,0.3783,0.0,0.0,38.08,14.83,1000.0,True,0.4783,0.2609,0.1739,0.087
1788270690.141,999,zstd,3,transmit,0.235,1.2,0.05,42.0,25.0,1000.0,False,0.4,0.3,0.2,0.1
1788270695.616,999,zstd,3,transmit,0.235,1.2,0.05,42.0,25.0,1000.0,False,0.4,0.3,0.2,0.1
1788270695.62,999,zstd,3,transmit,0.235,1.2,0.05,42.0,25.0,1000.0,False,0.4,0.3,0.2,0.1
1788270695.768,5,delta_zlib,6,transmit,0.3783,0.0,0.0,38.34,14.92,1000.0,True,0.4783,0.2609,0.1739,0.087
1788270698.3,999,zstd,3,transmit,0.235,1.2,0.05,42.0,25.0,1000.0,False,0.4,0.3,0.2,0.1
1788270698.301,999,zstd,3,transmit,0.235,1.2,0.05,42.0,25.0,1000.0,False,0.4,0.3,0.2,0.1
1788270700.964,999,zstd,3,transmit,0.235,1.2,0.05,42.0,25.0,1000.0,False,0.4,0.3,0.2,0.1
1788270700.965,999,zstd,3,transmit,0.235,1.2,0.05,42.0,25.0,1000.0,False,0.4,0.3,0.2,0.1
1788270703.586,999,zstd,3,transmit,0.235,1.2,0.05,42.0,25.0,1000.0,False,0.4,0.3,0.2,0.1
1788270703.587,999,zstd,3,transmit,0.235,1.2,0.05,42.0,25.0,1000.0,False,0.4,0.3,0.2,0.1
1788270704.503,6,delta_zlib,6,transmit,0.3783,0.0,0.0,38.43,12.28,1000.0,True,0.4783,0.2609,0.1739,0.087
1788270706.219,999,zstd,3,transmit,0.235,1.2,0.05,42.0,25.0,1000.0,False,0.4,0.3,0.2,0.1
1788270706.219,999,zstd,3,transmit,0.235,1.2,0.05,42.0,25.0,1000.0,False,0.4,0.3,0.2,0.1
1788270708.854,999,zstd,3,transmit,0.235,1.2,0.05,42.0,25.0,1000.0,False,0.4,0.3,0.2,0.1
1788270708.855,999,zstd,3,transmit,0.235,1.2,0.05,42.0,25.0,1000.0,False,0.4,0.3,0.2,0.1
1788270711.273,7,delta_zlib,6,transmit,0.285,0.9183,0.0022,38.49,13.66,1000.0,True,0.4,0.3,0.2,0.1
1788270711.495,999,zstd,3,transmit,0.235,1.2,0.05,42.0,25.0,1000.0,False,0.4,0.3,0.2,0.1
1788270711.495,999,zstd,3,transmit,0.235,1.2,0.05,42.0,25.0,1000.0,False,0.4,0.3,0.2,0.1
1788270714.14,999,zstd,3,transmit,0.235,1.2,0.05,42.0,25.0,1000.0,False,0.4,0.3,0.2,0.1
1788270714.14,999,zstd,3,transmit,0.235,1.2,0.05,42.0,25.0,1000.0,False,0.4,0.3,0.2,0.1
1788270716.77,999,zstd,3,transmit,0.235,1.2,0.05,42.0,25.0,1000.0,False,0.4,0.3,0.2,0.1
1788270716.77,999,zstd,3,transmit,0.235,1.2,0.05,42.0,25.0,1000.0,False,0.4,0.3,0.2,0.1
1788270719.429,999,zstd,3,transmit,0.235,1.2,0.05,42.0,25.0,1000.0,False,0.4,0.3,0.2,0.1
1788270719.43,999,zstd,3,transmit,0.235,1.2,0.05,42.0,25.0,1000.0,False,0.4,0.3,0.2,0.1
1788270720.105,8,delta_zlib,6,transmit,0.3783,0.0,0.0,38.53,13.48,1000.0,True,0.4783,0.2609,0.1739,0.087
1788270722.118,999,zstd,3,transmit,0.235,1.2,0.05,42.0,25.0,1000.0,False,0.4,0.3,0.2,0.1
1788270722.118,999,zstd,3,transmit,0.235,1.2,0.05,42.0,25.0,1000.0,False,0.4,0.3,0.2,0.1
1788270724.771,999,zstd,3,transmit,0.235,1.2,0.05,42.0,25.0,1000.0,False,0.4,0.3,0.2,0.1
1788270724.771,999,zstd,3,transmit,0.235,1.2,0.05,42.0,25.0,1000.0,False,0.4,0.3,0.2,0.1
1788270727.531,9,zstd,3,transmit,0.235,1.0,0.0025,38.56,11.92,1000.0,False,0.4,0.3,0.2,0.1
1788270727.417,999,zstd,3,transmit,0.235,1.2,0.05,42.0,25.0,1000.0,False,0.4,0.3,0.2,0.1
1788270727.419,999,zstd,3,transmit,0.235,1.2,0.05,42.0,25.0,1000.0,False,0.4,0.3,0.2,0.1
1788270730.118,999,zstd,3,transmit,0.235,1.2,0.05,42.0,25.0,1000.0,False,0.4,0.3,0.2,0.1
1788270730.119,999,zstd,3,transmit,0.235,1.2,0.05,42.0,25.0,1000.0,False,0.4,0.3,0.2,0.1
1788270732.771,999,zstd,3,transmit,0.235,1.2,0.05,42.0,25.0,1000.0,False,0.4,0.3,0.2,0.1
1788270732.772,999,zstd,3,transmit,0.235,1.2,0.05,42.0,25.0,1000.0,False,0.4,0.3,0.2,0.1
1788270734.611,10,delta_zlib,6,transmit,0.285,0.9183,0.0022,38.58,13.3,1000.0,True,0.4,0.3,0.2,0.1
1788270735.491,999,zstd,3,transmit,0.235,1.2,0.05,42.0,25.0,1000.0,False,0.4,0.3,0.2,0.1
1788270735.491,999,zstd,3,transmit,0.235,1.2,0.05,42.0,25.0,1000.0,False,0.4,0.3,0.2,0.1
1788270738.079,999,zstd,3,transmit,0.235,1.2,0.05,42.0,25.0,1000.0,False,0.4,0.3,0.2,0.1
1788270738.08,999,zstd,3,transmit,0.235,1.2,0.05,42.0,25.0,1000.0,False,0.4,0.3,0.2,0.1
1788270740.654,999,zstd,3,transmit,0.235,1.2,0.05,42.0,25.0,1000.0,False,0.4,0.3,0.2,0.1
1788270740.656,999,zstd,3,transmit,0.235,1.2,0.05,42.0,25.0,1000.0,False,0.4,0.3,0.2,0.1
1788270743.193,999,zstd,3,transmit,0.235,1.2,0.05,42.0,25.0,1000.0,False,0.4,0.3,0.2,0.1
1788270743.194,999,zstd,3,transmit,0.235,1.2,0.05,42.0,25.0,1000.0,False,0.4,0.3,0.2,0.1
1788270744.022,11,delta_zlib,6,transmit,0.3783,0.0,0.0,38.59,12.59,1000.0,True,0.4783,0.2609,0.1739,0.087
1788270745.745,999,zstd,3,transmit,0.235,1.2,0.05,42.0,25.0,1000.0,False,0.4,0.3,0.2,0.1
1788270748.353,999,zstd,3,transmit,0.235,1.2,0.05,42.0,25.0,1000.0,False,0.4,0.3,0.2,0.1
1788270748.354,999,zstd,3,transmit,0.235,1.2,0.05,42.0,25.0,1000.0,False,0.4,0.3,0.2,0.1
1788270750.922,999,zstd,3,transmit,0.235,1.2,0.05,42.0,25.0,1000.0,False,0.4,0.3,0.2,0.1
1788270750.924,999,zstd,3,transmit,0.235,1.2,0.05,42.0,25.0,1000.0,False,0.4,0.3,0.2,0.1
1788270751.861,12,delta_zlib,6,transmit,0.3783,0.0,0.0,38.6,13.7,1000.0,True,0.4783,0.2609,0.1739,0.087
1788270753.517,999,zstd,3,transmit,0.235,1.2,0.05,42.0,25.0,1000.0,False,0.4,0.3,0.2,0.1
1788270753.517,999,zstd,3,transmit,0.235,1.2,0.05,42.0,25.0,1000.0,False,0.4,0.3,0.2,0.1
1788270756.153,999,zstd,3,transmit,0.235,1.2,0.05,42.0,25.0,1000.0,False,0.4,0.3,0.2,0.1
1788270756.154,999,zstd,3,transmit,0.235,1.2,0.05,42.0,25.0,1000.0,False,0.4,0.3,0.2,0.1
1788270758.842,999,zstd,3,transmit,0.235,1.2,0.05,42.0,25.0,1000.0,False,0.4,0.3,0.2,0.1
1788270758.842,999,zstd,3,transmit,0.235,1.2,0.05,42.0,25.0,1000.0,False,0.4,0.3,0.2,0.1
1788270759.143,13,delta_zlib,6,transmit,0.285,0.9183,0.0022,38.9,14.13,1000.0,True,0.4,0.3,0.2,0.1
1788270761.426,999,zstd,3,transmit,0.235,1.2,0.05,42.0,25.0,1000.0,False,0.4,0.3,0.2,0.1
1788270764.07,999,zstd,3,transmit,0.235,1.2,0.05,42.0,25.0,1000.0,False,0.4,0.3,0.2,0.1
1788270764.07,999,zstd,3,transmit,0.235,1.2,0.05,42.0,25.0,1000.0,False,0.4,0.3,0.2,0.1
1788270766.604,14,delta_zlib,6,transmit,0.3783,0.0,0.0,38.7,14.04,1000.0,True,0.4783,0.2609,0.1739,0.087
1788270766.659,999,zstd,3,transmit,0.235,1.2,0.05,42.0,25.0,1000.0,False,0.4,0.3,0.2,0.1
1788270769.263,999,zstd,3,transmit,0.235,1.2,0.05,42.0,25.0,1000.0,False,0.4,0.3,0.2,0.1
1788270769.264,999,zstd,3,transmit,0.235,1.2,0.05,42.0,25.0,1000.0,False,0.4,0.3,0.2,0.1
1788270771.829,999,zstd,3,transmit,0.235,1.2,0.05,42.0,25.0,1000.0,False,0.4,0.3,0.2,0.1
1788270771.83,999,zstd,3,transmit,0.235,1.2,0.05,42.0,25.0,1000.0,False,0.4,0.3,0.2,0.1
1788270774.4,999,zstd,3,transmit,0.235,1.2,0.05,42.0,25.0,1000.0,False,0.4,0.3,0.2,0.1
1788270774.4,999,zstd,3,transmit,0.235,1.2,0.05,42.0,25.0,1000.0,False,0.4,0.3,0.2,0.1
1788270775.744,15,delta_zlib,6,transmit,0.285,0.8113,97.47,38.67,13.25,1000.0,False,0.4,0.3,0.2,0.1
1788270776.971,999,zstd,3,transmit,0.235,1.2,0.05,42.0,25.0,1000.0,False,0.4,0.3,0.2,0.1
1788270776.971,999,zstd,3,transmit,0.235,1.2,0.05,42.0,25.0,1000.0,False,0.4,0.3,0.2,0.1
1788270779.638,999,zstd,3,transmit,0.235,1.2,0.05,42.0,25.0,1000.0,False,0.4,0.3,0.2,0.1
1788270779.64,999,zstd,3,transmit,0.235,1.2,0.05,42.0,25.0,1000.0,False,0.4,0.3,0.2,0.1
1788270782.215,999,zstd,3,transmit,0.235,1.2,0.05,42.0,25.0,1000.0,False,0.4,0.3,0.2,0.1
1788270782.217,999,zstd,3,transmit,0.235,1.2,0.05,42.0,25.0,1000.0,False,0.4,0.3,0.2,0.1
1788270783.563,16,delta_zlib,6,transmit,0.3783,0.0,0.0,38.95,14.69,1000.0,False,0.4783,0.2609,0.1739,0.087
1788270784.773,999,zstd,3,transmit,0.235,1.2,0.05,42.0,25.0,1000.0,False,0.4,0.3,0.2,0.1
1788270784.773,999,zstd,3,transmit,0.235,1.2,0.05,42.0,25.0,1000.0,False,0.4,0.3,0.2,0.1
1788270787.408,999,zstd,3,transmit,0.235,1.2,0.05,42.0,25.0,1000.0,False,0.4,0.3,0.2,0.1
1788270787.409,999,zstd,3,transmit,0.235,1.2,0.05,42.0,25.0,1000.0,False,0.4,0.3,0.2,0.1
1788270790.054,999,zstd,3,transmit,0.235,1.2,0.05,42.0,25.0,1000.0,False,0.4,0.3,0.2,0.1
1788270790.057,999,zstd,3,transmit,0.235,1.2,0.05,42.0,25.0,1000.0,False,0.4,0.3,0.2,0.1
1788270792.196,17,delta_zlib,6,transmit,0.3783,0.0,0.0,38.74,12.5,1000.0,False,0.4783,0.2609,0.1739,0.087
1788270792.7,999,zstd,3,transmit,0.235,1.2,0.05,42.0,25.0,1000.0,False,0.4,0.3,0.2,0.1
1788270792.7,999,zstd,3,transmit,0.235,1.2,0.05,42.0,25.0,1000.0,False,0.4,0.3,0.2,0.1
1788270795.342,999,zstd,3,transmit,0.235,1.2,0.05,42.0,25.0,1000.0,False,0.4,0.3,0.2,0.1
1788270795.342,999,zstd,3,transmit,0.235,1.2,0.05,42.0,25.0,1000.0,False,0.4,0.3,0.2,0.1
1788270797.992,999,zstd,3,transmit,0.235,1.2,0.05,42.0,25.0,1000.0,False,0.4,0.3,0.2,0.1
1788270797.992,999,zstd,3,transmit,0.235,1.2,0.05,42.0,25.0,1000.0,False,0.4,0.3,0.2,0.1
1788270799.294,18,delta_zlib,6,transmit,0.3783,0.0,0.0,38.69,14.15,1000.0,True,0.4783,0.2609,0.1739,0.087
1788270800.715,999,zstd,3,transmit,0.235,1.2,0.05,42.0,25.0,1000.0,False,0.4,0.3,0.2,0.1
1788270800.715,999,zstd,3,transmit,0.235,1.2,0.05,42.0,25.0,1000.0,False,0.4,0.3,0.2,0.1
1788270803.469,999,zstd,3,transmit,0.235,1.2,0.05,42.0,25.0,1000.0,False,0.4,0.3,0.2,0.1
1788270803.47,999,zstd,3,transmit,0.235,1.2,0.05,42.0,25.0,1000.0,False,0.4,0.3,0.2,0.1
1788270805.734,19,delta_zlib,6,transmit,0.3783,0.0,0.0,38.66,14.2,1000.0,True,0.4783,0.2609,0.1739,0.087
1788270806.163,999,zstd,3,transmit,0.235,1.2,0.05,42.0,25.0,1000.0,False,0.4,0.3,0.2,0.1
1788270806.165,999,zstd,3,transmit,0.235,1.2,0.05,42.0,25.0,1000.0,False,0.4,0.3,0.2,0.1
1788270808.825,999,zstd,3,transmit,0.235,1.2,0.05,42.0,25.0,1000.0,False,0.4,0.3,0.2,0.1
1788270808.826,999,zstd,3,transmit,0.235,1.2,0.05,42.0,25.0,1000.0,False,0.4,0.3,0.2,0.1
1788270811.449,999,zstd,3,transmit,0.235,1.2,0.05,42.0,25.0,1000.0,False,0.4,0.3,0.2,0.1
1788270811.449,999,zstd,3,transmit,0.235,1.2,0.05,42.0,25.0,1000.0,False,0.4,0.3,0.2,0.1
1788270813.097,20,delta_zlib,6,transmit,0.285,0.9183,0.0022,38.94,14.74,1000.0,True,0.4,0.3,0.2,0.1
1788270849.962,1,delta_zlib,6,transmit,0.285,0.9183,0.0022,38.6,14.8,1000.0,True,0.4,0.3,0.2,0.1
1788270859.14,2,delta_zlib,6,transmit,0.285,0.8113,102.6675,38.9,13.3,1000.0,True,0.4,0.3,0.2,0.1
1788270867.882,3,delta_zlib,6,transmit,0.3783,0.0,0.0,39.25,12.99,1000.0,False,0.4783,0.2609,0.1739,0.087
1788271175.464,1,delta_zlib,6,transmit,0.3783,0.0,0.0,39.2,13.8,1000.0,True,0.4783,0.2609,0.1739,0.087
1788271182.745,2,delta_zlib,6,transmit,0.285,0.9183,0.0022,38.9,14.45,1000.0,False,0.4,0.3,0.2,0.1
1788271190.092,3,delta_zlib,6,transmit,0.3783,0.0,0.0,39.1,15.02,1000.0,True,0.4783,0.2609,0.1739,0.087
1788271197.147,4,delta_zlib,6,transmit,0.6841,0.9183,0.0022,39.38,14.49,120.0,True,0.7273,0.1364,0.0455,0.0909
1788271204.29,5,delta_zlib,6,transmit,0.722,0.0,0.0,39.24,14.2,120.0,True,0.76,0.12,0.04,0.08
1788271211.613,6,delta_zlib,6,transmit,0.722,0.0,0.0,39.23,14.92,120.0,True,0.76,0.12,0.04,0.08
1788271217.937,7,lz4,1,transmit,0.1104,0.0,0.0,78.0,14.57,1000.0,True,0.2414,0.4138,0.2759,0.069
1788271223.773,8,lz4,1,transmit,0.0326,0.9183,114.5089,78.0,14.72,1000.0,True,0.1538,0.4615,0.3077,0.0769
1788271229.553,9,lz4,1,transmit,0.0326,0.9183,0.0022,78.0,14.1,1000.0,True,0.1538,0.4615,0.3077,0.0769
1788272597.162,1,delta_zlib,6,transmit,0.3783,0.0,0.0,38.1,15.7,1000.0,True,0.4783,0.2609,0.1739,0.087
1788272604.911,2,delta_zlib,6,transmit,0.285,0.9183,0.0022,38.1,15.4,1000.0,True,0.4,0.3,0.2,0.1
1788272611.983,3,delta_zlib,6,transmit,0.3783,0.0,0.0,38.35,15.3,1000.0,True,0.4783,0.2609,0.1739,0.087
1788272620.627,4,delta_zlib,6,transmit,0.3783,0.0,0.0,38.18,13.53,1000.0,False,0.4783,0.2609,0.1739,0.087
1788272627.654,5,delta_zlib,6,transmit,0.285,0.9183,0.0022,38.41,14.7,1000.0,True,0.4,0.3,0.2,0.1
1788272635.046,6,delta_zlib,6,transmit,0.3783,0.0,0.0,38.22,15.09,1000.0,True,0.4783,0.2609,0.1739,0.087
1788272643.333,7,delta_zlib,6,transmit,0.3783,0.0,0.0,37.93,15.04,1000.0,True,0.4783,0.2609,0.1739,0.087
1788272651.901,8,delta_zlib,6,transmit,0.3783,0.0,0.0,38.62,15.59,1000.0,True,0.4783,0.2609,0.1739,0.087
1788272660.451,9,delta_zlib,6,transmit,0.3783,0.0,0.0,38.52,14.95,1000.0,True,0.4783,0.2609,0.1739,0.087
1788272667.932,10,zstd,3,transmit,0.235,1.0,0.0025,38.85,13.6,1000.0,True,0.4,0.3,0.2,0.1
1788272943.113,1,delta_zlib,6,transmit,0.285,0.9183,115.52,39.2,26.4,1000.0,False,0.4,0.3,0.2,0.1
1788272952.211,2,delta_zlib,6,transmit,0.3783,0.0,0.0,39.2,19.0,1000.0,True,0.4783,0.2609,0.1739,0.087
1788272958.873,3,delta_zlib,6,transmit,0.3783,0.0,0.0,39.2,18.88,1000.0,True,0.4783,0.2609,0.1739,0.087
1788272966.187,4,delta_zlib,6,transmit,0.3783,0.0,0.0,39.2,16.35,1000.0,True,0.4783,0.2609,0.1739,0.087
1788272975.444,5,delta_zlib,6,transmit,0.3783,0.0,0.0,38.9,14.14,1000.0,True,0.4783,0.2609,0.1739,0.087
1788272983.385,6,delta_zlib,6,transmit,0.3783,0.0,0.0,39.35,15.12,1000.0,True,0.4783,0.2609,0.1739,0.087
1788272990.448,7,delta_zlib,6,transmit,0.3783,0.0,0.0,39.47,14.78,1000.0,True,0.4783,0.2609,0.1739,0.087
1788272997.744,8,delta_zlib,6,transmit,0.3783,0.0,0.0,39.3,14.96,1000.0,True,0.4783,0.2609,0.1739,0.087
1788273006.562,9,delta_zlib,6,transmit,0.3791,0.2,0.0,78.0,12.99,120.0,True,0.4839,0.2903,0.1613,0.0645
1788273014.08,10,delta_zlib,6,transmit,0.3791,0.2,0.0,78.0,14.05,120.0,True,0.4839,0.2903,0.1613,0.0645
1788273021.466,11,delta_zlib,6,transmit,0.3791,0.2,0.0,78.0,14.29,120.0,True,0.4839,0.2903,0.1613,0.0645
1788273028.828,12,delta_zlib,6,transmit,0.3791,0.2,114.0067,78.0,14.93,120.0,True,0.4839,0.2903,0.1613,0.0645
1788273036.967,13,delta_zlib,6,transmit,0.3791,0.2,0.0,78.0,15.25,120.0,True,0.4839,0.2903,0.1613,0.0645
1788273043.832,14,delta_zlib,6,transmit,0.3791,0.2,0.0,78.0,15.31,120.0,True,0.4839,0.2903,0.1613,0.0645
1788273051.026,15,delta_zlib,6,transmit,0.722,0.2,0.0,35.0,15.2,120.0,True,0.76,0.12,0.04,0.08
1788273060.338,16,delta_zlib,6,transmit,0.722,0.2,95.7675,35.0,13.39,120.0,True,0.76,0.12,0.04,0.08
1788273069.516,17,delta_zlib,6,transmit,0.722,0.2,0.0,35.0,12.73,120.0,True,0.76,0.12,0.04,0.08
1788273078.57,18,delta_zlib,6,transmit,0.722,0.2,0.0,35.0,13.14,120.0,True,0.76,0.12,0.04,0.08
1788273087.779,19,delta_zlib,6,transmit,0.3783,0.2,95.7675,35.0,13.24,1500.0,True,0.4783,0.2609,0.1739,0.087
1788273097.185,20,delta_zlib,6,transmit,0.3783,0.2,0.0,35.0,12.98,1500.0,True,0.4783,0.2609,0.1739,0.087
1788273104.537,21,none,0,transmit,0.0095,4.0,0.0,85.0,13.51,1500.0,True,0.1538,0.4615,0.3077,0.0769
1788273110.7,22,none,0,transmit,0.0095,4.0,112.5,85.0,14.11,1500.0,True,0.1538,0.4615,0.3077,0.0769
1788273116.874,23,none,0,transmit,0.0095,4.0,0.0,85.0,14.67,1500.0,True,0.1538,0.4615,0.3077,0.0769
1788273122.991,24,none,0,transmit,0.0095,4.0,0.0,85.0,15.0,1500.0,True,0.1538,0.4615,0.3077,0.0769
1788273128.879,25,none,0,transmit,0.0095,4.0,112.5,85.0,15.06,1500.0,True,0.1538,0.4615,0.3077,0.0769
1788273135.038,26,lz4,1,transmit,0.0146,1.7,0.0,85.0,15.0,1500.0,True,0.1538,0.4615,0.3077,0.0769
1788273140.957,27,lz4,1,transmit,0.0146,1.7,113.0022,85.0,14.66,1500.0,True,0.1538,0.4615,0.3077,0.0769
1788273147.068,28,lz4,1,transmit,0.0146,1.7,0.0,85.0,15.09,1500.0,True,0.1538,0.4615,0.3077,0.0769
1788273152.882,29,lz4,1,transmit,0.0146,1.7,0.0022,85.0,15.3,1500.0,True,0.1538,0.4615,0.3077,0.0769
1788273158.788,30,lz4,1,transmit,0.0146,1.7,0.0,85.0,15.6,1500.0,True,0.1538,0.4615,0.3077,0.0769
1788273164.556,31,lz4,1,transmit,0.0146,1.7,0.0,85.0,14.99,1500.0,True,0.1538,0.4615,0.3077,0.0769
1788273171.793,32,lz4,1,transmit,0.0146,1.7,0.0025,85.0,12.93,1500.0,True,0.1538,0.4615,0.3077,0.0769
1788273177.678,33,lz4,1,transmit,0.0146,1.7,0.0022,85.0,13.68,1500.0,True,0.1538,0.4615,0.3077,0.0769
1788273183.581,34,lz4,1,transmit,0.0146,1.7,114.5089,85.0,13.87,1500.0,True,0.1538,0.4615,0.3077,0.0769
1788273189.421,35,lz4,1,transmit,0.0146,1.7,0.0,85.0,14.14,1500.0,True,0.1538,0.4615,0.3077,0.0769
1788273195.302,36,lz4,1,transmit,0.0146,1.7,0.0,85.0,14.26,1500.0,True,0.1538,0.4615,0.3077,0.0769
1788273201.088,37,lz4,1,transmit,0.0146,1.7,0.0022,85.0,14.09,1500.0,True,0.1538,0.4615,0.3077,0.0769
1788273206.893,38,lz4,1,transmit,0.0146,1.7,115.52,85.0,14.56,1500.0,True,0.1538,0.4615,0.3077,0.0769
1788273212.965,39,lz4,1,transmit,0.0146,1.7,0.0,85.0,14.91,1500.0,True,0.1538,0.4615,0.3077,0.0769
1788273220.127,40,lz4,1,transmit,0.0146,1.7,0.0025,85.0,12.63,1500.0,True,0.1538,0.4615,0.3077,0.0769
1788273225.885,41,lz4,1,transmit,0.0146,1.7,0.0,85.0,14.01,1500.0,True,0.1538,0.4615,0.3077,0.0769
1788273231.748,42,lz4,1,transmit,0.0146,1.7,0.0,85.0,14.38,1500.0,True,0.1538,0.4615,0.3077,0.0769
1788273237.558,43,lz4,1,transmit,0.0146,1.7,116.5356,85.0,14.69,1500.0,True,0.1538,0.4615,0.3077,0.0769
1788273243.317,44,lz4,1,transmit,0.0146,1.7,0.0022,85.0,14.26,1500.0,True,0.1538,0.4615,0.3077,0.0769
1788273249.16,45,lz4,1,transmit,0.0146,1.7,0.0,85.0,14.93,1500.0,True,0.1538,0.4615,0.3077,0.0769
1788273254.923,46,lz4,1,transmit,0.0146,1.7,0.0,85.0,14.67,1500.0,True,0.1538,0.4615,0.3077,0.0769
1788273260.633,47,lz4,1,transmit,0.0146,1.7,0.0,85.0,14.75,1500.0,True,0.1538,0.4615,0.3077,0.0769
1788273266.497,48,lz4,1,transmit,0.0146,1.7,0.0022,85.0,14.82,1500.0,True,0.1538,0.4615,0.3077,0.0769
1788273272.199,49,lz4,1,transmit,0.0146,1.7,0.0,85.0,15.15,1500.0,True,0.1538,0.4615,0.3077,0.0769
1788273279.184,50,zstd,3,transmit,0.235,1.0,0.0025,39.64,13.37,1000.0,False,0.4,0.3,0.2,0.1
1788273286.008,51,delta_zlib,6,transmit,0.285,0.9183,0.0022,39.66,14.86,1000.0,True,0.4,0.3,0.2,0.1
1788273293.436,52,delta_zlib,6,transmit,0.3783,0.0,0.0,39.67,14.97,1000.0,True,0.4783,0.2609,0.1739,0.087
1788273301.141,53,delta_zlib,6,transmit,0.285,0.9183,119.6089,39.68,14.02,1000.0,True,0.4,0.3,0.2,0.1
1788273308.451,54,delta_zlib,6,transmit,0.285,0.9183,0.0022,39.69,14.29,1000.0,True,0.4,0.3,0.2,0.1
1788273314.948,55,none,0,transmit,0.0262,4.0,0.0,35.0,15.09,775.0,True,0.4,0.3,0.2,0.1
1788273324.186,56,delta_zlib,6,transmit,0.3783,0.0,0.0,39.94,13.52,1000.0,False,0.4783,0.2609,0.1739,0.087
1788273331.124,57,delta_zlib,6,transmit,0.3783,0.0,0.0,39.53,14.72,1000.0,True,0.4783,0.2609,0.1739,0.087
1788273338.123,58,delta_zlib,6,transmit,0.285,0.9183,0.0022,39.92,14.63,1000.0,True,0.4,0.3,0.2,0.1
1788273345.239,59,delta_zlib,6,transmit,0.3783,0.0,0.0,39.76,14.69,1000.0,True,0.4783,0.2609,0.1739,0.087
1788273351.578,60,none,0,transmit,0.0095,4.0,121.68,78.0,14.93,775.0,True,0.1538,0.4615,0.3077,0.0769
1788273358.627,61,delta_zlib,6,transmit,0.3783,0.0,0.0,39.81,15.07,1000.0,True,0.4783,0.2609,0.1739,0.087
1788273366.089,62,delta_zlib,6,transmit,0.3783,0.0,0.0,39.78,15.1,1000.0,True,0.4783,0.2609,0.1739,0.087
1788273372.163,63,none,0,transmit,0.0095,4.0,0.0,84.0,14.54,775.0,True,0.1538,0.4615,0.3077,0.0769
1788273378.158,64,lz4,1,transmit,0.0146,1.7,0.0,84.0,14.56,1050.0,True,0.1538,0.4615,0.3077,0.0769
1788273385.295,65,lz4,1,transmit,0.0146,1.7,101.7919,84.0,12.31,1050.0,True,0.1538,0.4615,0.3077,0.0769
1788273391.396,66,lz4,1,transmit,0.0146,1.7,0.0,84.0,14.17,1050.0,True,0.1538,0.4615,0.3077,0.0769
1788273397.483,67,lz4,1,transmit,0.0146,1.7,0.0022,84.0,14.34,1050.0,True,0.1538,0.4615,0.3077,0.0769
1788273403.394,68,lz4,1,transmit,0.0146,1.7,0.0,84.0,15.03,1050.0,True,0.1538,0.4615,0.3077,0.0769
1788273409.273,69,lz4,1,transmit,0.0146,1.7,0.0022,84.0,15.17,1050.0,True,0.1538,0.4615,0.3077,0.0769
1788273415.006,70,lz4,1,transmit,0.0146,1.7,0.0,84.0,14.72,1050.0,True,0.1538,0.4615,0.3077,0.0769
1788273420.888,71,lz4,1,transmit,0.0146,1.7,0.0,84.0,14.92,1050.0,True,0.1538,0.4615,0.3077,0.0769
1788273426.894,72,lz4,1,transmit,0.0146,1.7,0.0,84.0,15.1,1050.0,True,0.1538,0.4615,0.3077,0.0769
1788273432.75,73,lz4,1,transmit,0.0146,1.7,0.0,84.0,14.42,1050.0,True,0.1538,0.4615,0.3077,0.0769
1788273438.597,74,lz4,1,transmit,0.0146,1.7,0.0,84.0,14.41,1050.0,True,0.1538,0.4615,0.3077,0.0769
1788273444.585,75,lz4,1,transmit,0.0146,1.7,0.0,84.0,15.09,1050.0,True,0.1538,0.4615,0.3077,0.0769
1788273450.492,76,lz4,1,transmit,0.0146,1.7,0.0022,84.0,14.55,1050.0,True,0.1538,0.4615,0.3077,0.0769
1788273457.35,77,lz4,1,transmit,0.0146,1.7,0.0,84.0,15.33,1050.0,True,0.1538,0.4615,0.3077,0.0769
1788273463.267,78,lz4,1,transmit,0.0146,1.7,0.0,84.0,15.41,1050.0,True,0.1538,0.4615,0.3077,0.0769
1788273469.072,79,lz4,1,transmit,0.0146,1.7,0.0,84.0,14.66,1050.0,True,0.1538,0.4615,0.3077,0.0769
1788273476.16,80,lz4,1,transmit,0.0146,1.7,0.0,84.0,13.74,1050.0,True,0.1538,0.4615,0.3077,0.0769
1788273482.145,81,lz4,1,transmit,0.0146,1.7,0.0,84.0,14.75,1050.0,True,0.1538,0.4615,0.3077,0.0769
1788273489.227,82,lz4,1,transmit,0.0146,1.7,0.0025,84.0,13.77,1050.0,True,0.1538,0.4615,0.3077,0.0769
1788273496.411,83,lz4,1,transmit,0.0146,1.7,0.0,84.0,12.55,1050.0,True,0.1538,0.4615,0.3077,0.0769
1788273502.17,84,lz4,1,transmit,0.0146,1.7,0.0,84.0,13.95,1050.0,True,0.1538,0.4615,0.3077,0.0769
1788273507.883,85,lz4,1,transmit,0.0146,1.7,0.0,84.0,13.81,1050.0,True,0.1538,0.4615,0.3077,0.0769
1788273513.532,86,lz4,1,transmit,0.0146,1.7,0.0,84.0,14.22,1050.0,True,0.1538,0.4615,0.3077,0.0769
1788273520.865,87,lz4,1,transmit,0.0146,1.7,0.0,84.0,12.88,1050.0,True,0.1538,0.4615,0.3077,0.0769
1788273526.878,88,lz4,1,transmit,0.0146,1.7,0.0,84.0,14.38,1050.0,True,0.1538,0.4615,0.3077,0.0769
1788273532.671,89,lz4,1,transmit,0.0146,1.7,0.0,84.0,14.3,1050.0,True,0.1538,0.4615,0.3077,0.0769
1788273538.499,90,lz4,1,transmit,0.0146,1.7,0.0,84.0,14.05,1050.0,True,0.1538,0.4615,0.3077,0.0769
1788273544.451,91,lz4,1,transmit,0.0146,1.7,0.0,84.0,15.0,1050.0,True,0.1538,0.4615,0.3077,0.0769
1788273550.274,92,lz4,1,transmit,0.0146,1.7,0.0,84.0,14.56,1050.0,True,0.1538,0.4615,0.3077,0.0769
1788273555.929,93,lz4,1,transmit,0.0146,1.7,0.0,84.0,14.81,1050.0,True,0.1538,0.4615,0.3077,0.0769
1788273561.713,94,lz4,1,transmit,0.0146,1.7,0.0022,84.0,14.83,1050.0,True,0.1538,0.4615,0.3077,0.0769
1788273567.573,95,lz4,1,transmit,0.0146,1.7,0.0022,84.0,14.46,1050.0,True,0.1538,0.4615,0.3077,0.0769
1788273573.244,96,lz4,1,transmit,0.0146,1.7,0.0022,84.0,14.79,1050.0,True,0.1538,0.4615,0.3077,0.0769
1788273579.051,97,lz4,1,transmit,0.0146,1.7,0.0,84.0,15.26,1050.0,True,0.1538,0.4615,0.3077,0.0769
1788273584.842,98,lz4,1,transmit,0.0146,1.7,0.0,84.0,15.55,1050.0,True,0.1538,0.4615,0.3077,0.0769
1788273590.661,99,lz4,1,transmit,0.0146,1.7,0.0,84.0,15.36,1050.0,True,0.1538,0.4615,0.3077,0.0769
1788273596.947,100,lz4,1,transmit,0.0146,1.7,0.0,84.0,15.39,1050.0,True,0.1538,0.4615,0.3077,0.0769
1788273604.16,101,lz4,1,transmit,0.0146,1.7,0.0,84.0,13.55,1050.0,True,0.1538,0.4615,0.3077,0.0769
1788273610.225,102,lz4,1,transmit,0.0146,1.7,0.0,84.0,15.33,1050.0,True,0.1538,0.4615,0.3077,0.0769
1788273616.36,103,lz4,1,transmit,0.0146,1.7,0.0,84.0,15.22,1050.0,True,0.1538,0.4615,0.3077,0.0769
1788273622.213,104,lz4,1,transmit,0.0146,1.7,0.0,84.0,14.97,1050.0,True,0.1538,0.4615,0.3077,0.0769
1788273628.056,105,lz4,1,transmit,0.0146,1.7,0.0,84.0,15.06,1050.0,True,0.1538,0.4615,0.3077,0.0769
1788273633.841,106,lz4,1,transmit,0.0146,1.7,114.5089,84.0,14.53,1050.0,True,0.1538,0.4615,0.3077,0.0769
1788273640.908,107,lz4,1,transmit,0.0146,1.7,0.0025,84.0,12.55,1050.0,True,0.1538,0.4615,0.3077,0.0769
1788273646.936,108,lz4,1,transmit,0.0146,1.7,0.0,84.0,20.02,1050.0,True,0.1538,0.4615,0.3077,0.0769
1788273654.183,109,lz4,1,transmit,0.0146,1.7,0.0,84.0,15.01,1050.0,True,0.1538,0.4615,0.3077,0.0769
1788273743.027,1,delta_zlib,6,transmit,0.3783,0.0,0.0,40.2,20.7,1000.0,True,0.4783,0.2609,0.1739,0.087
1788273750.522,2,lz4,1,transmit,0.0146,1.7,0.0,84.0,16.05,1050.0,True,0.1538,0.4615,0.3077,0.0769
1788273756.481,3,lz4,1,transmit,0.0146,1.7,0.0,84.0,16.32,1050.0,True,0.1538,0.4615,0.3077,0.0769
1788273762.326,4,lz4,1,transmit,0.0146,1.7,0.0,84.0,16.18,1050.0,True,0.1538,0.4615,0.3077,0.0769
1788273767.973,5,lz4,1,transmit,0.0146,1.7,0.0022,84.0,15.64,1050.0,True,0.1538,0.4615,0.3077,0.0769
1788273774.736,6,delta_zlib,6,transmit,0.285,0.9183,0.0022,40.17,15.19,1000.0,True,0.4,0.3,0.2,0.1
1788273781.739,7,delta_zlib,6,transmit,0.3783,0.0,0.0,39.93,14.87,1000.0,True,0.4783,0.2609,0.1739,0.087
1788273788.976,8,delta_zlib,6,transmit,0.3783,0.0,0.0,39.85,14.93,1000.0,True,0.4783,0.2609,0.1739,0.087
1788273796.142,9,delta_zlib,6,transmit,0.3783,0.0,0.0,39.8,14.6,1000.0,True,0.4783,0.2609,0.1739,0.087
1788273802.938,10,delta_zlib,6,transmit,0.285,0.9183,0.0022,39.76,14.93,1000.0,True,0.4,0.3,0.2,0.1
1788273810.923,11,zstd,3,transmit,0.235,1.0,0.0025,39.74,13.25,1000.0,True,0.4,0.3,0.2,0.1
1788273817.331,12,delta_zlib,6,transmit,0.3783,0.0,0.0,39.72,13.96,1000.0,True,0.4783,0.2609,0.1739,0.087
1788273824.489,13,delta_zlib,6,transmit,0.3783,0.0,0.0,39.96,14.32,1000.0,True,0.4783,0.2609,0.1739,0.087
